distance_km,prep_time_min,traffic_level,item_count,delivery_status
7.4,34.4,1,2,Delayed
17.2,28.8,2,6,Delayed
13.4,20.8,3,5,Delayed
11.2,38.5,3,9,Delayed
3.7,34.0,3,5,Delayed
3.7,15.7,2,2,On-Time
2.0,41.9,2,5,Delayed
15.7,38.8,3,4,Delayed
11.2,43.2,1,7,Delayed
13.0,35.4,2,6,Delayed
1.3,31.5,1,2,On-Time
17.5,24.6,3,5,Delayed
15.2,42.6,3,7,Delayed
4.6,40.3,1,7,Delayed
4.1,11.6,3,5,On-Time
4.1,10.9,3,9,On-Time
6.2,23.2,1,4,On-Time
9.9,38.4,2,3,Delayed
8.3,44.6,3,4,Delayed
6.0,15.3,1,5,On-Time
11.4,30.8,2,6,Delayed
3.4,23.3,1,3,On-Time
6.0,43.9,3,2,Delayed
7.2,39.5,3,4,Delayed
8.8,39.3,3,5,Delayed
14.3,26.4,2,4,Delayed
4.4,24.5,3,3,Delayed
9.7,19.6,3,8,Delayed
11.1,12.0,2,4,On-Time
1.8,40.3,3,2,Delayed
11.3,38.5,1,2,Delayed
3.9,45.0,2,1,Delayed
2.1,44.9,1,4,Delayed
17.1,29.4,1,9,Delayed
17.4,36.9,1,7,Delayed
14.7,43.1,2,7,Delayed
6.2,39.7,2,7,Delayed
2.7,18.7,3,8,On-Time
12.6,25.8,1,1,Delayed
8.5,14.5,2,8,On-Time
3.1,43.4,2,4,Delayed
9.4,31.2,3,4,Delayed
1.6,18.0,2,4,On-Time
16.5,33.5,2,6,Delayed
5.4,31.6,3,7,Delayed
12.3,22.5,2,6,On-Time
6.3,14.0,1,1,On-Time
9.8,33.5,1,8,Delayed
10.3,28.2,3,7,Delayed
4.1,37.0,1,6,Delayed
17.5,28.2,3,6,Delayed
14.2,39.8,2,5,Delayed
17.0,29.3,3,6,Delayed
16.2,29.6,3,9,Delayed
11.2,40.7,3,9,Delayed
16.7,24.1,2,8,Delayed
2.5,14.7,3,9,On-Time
4.3,11.0,2,8,On-Time
1.8,36.4,2,8,Delayed
6.5,31.7,2,1,On-Time
7.6,34.6,3,5,Delayed
5.6,17.5,3,4,On-Time
15.1,14.8,3,2,Delayed
7.1,10.5,2,8,On-Time
5.8,22.3,2,3,On-Time
10.2,30.6,3,4,Delayed
3.4,23.7,1,7,On-Time
14.6,25.3,1,9,Delayed
2.3,41.6,2,2,On-Time
17.8,22.2,1,3,Delayed
14.1,28.0,1,4,Delayed
4.4,37.4,1,1,On-Time
1.1,23.9,1,7,On-Time
14.9,31.8,1,2,Delayed
13.0,40.2,3,5,Delayed
13.4,43.2,2,1,Delayed
14.1,15.1,2,3,Delayed
2.3,42.4,2,2,Delayed
7.1,27.2,1,1,On-Time
3.0,19.0,3,7,On-Time
15.7,26.1,3,5,Delayed
11.6,44.3,1,1,Delayed
6.6,27.2,2,6,On-Time
2.1,21.5,3,5,On-Time
6.3,32.2,3,3,Delayed
6.5,18.4,2,7,On-Time
13.4,12.7,2,9,Delayed
11.8,14.5,1,9,Delayed
16.1,14.5,3,9,Delayed
9.0,15.3,1,2,On-Time
3.0,14.9,3,3,On-Time
13.1,32.4,2,7,Delayed
13.9,16.4,2,5,Delayed
10.5,22.1,2,2,On-Time
14.1,41.4,1,3,Delayed
9.4,26.6,1,6,Delayed
9.9,33.4,1,7,Delayed
8.3,16.0,1,9,On-Time
1.4,16.7,3,1,On-Time
2.8,11.4,2,7,On-Time
1.5,15.9,1,8,On-Time
11.8,19.8,3,3,Delayed
6.3,16.2,3,4,On-Time
9.6,13.1,3,6,Delayed
16.4,14.2,3,7,Delayed
5.2,26.1,1,4,On-Time
8.0,17.2,2,8,On-Time
13.8,22.7,3,5,Delayed
4.9,27.6,2,1,On-Time
2.3,34.2,1,4,On-Time
5.9,11.4,3,3,On-Time
3.7,38.0,1,9,Delayed
16.8,32.0,1,8,Delayed
14.7,12.9,2,1,Delayed
11.8,40.6,2,6,Delayed
15.8,42.2,2,9,Delayed
14.7,12.1,1,7,On-Time
4.2,19.7,3,4,On-Time
16.2,38.2,1,1,Delayed
10.2,36.2,1,2,Delayed
14.7,16.5,3,5,Delayed
16.2,17.3,3,5,Delayed
6.4,23.0,3,8,Delayed
2.9,27.0,3,6,On-Time
4.9,31.6,2,8,Delayed
8.3,22.9,2,2,Delayed
14.9,26.2,1,3,Delayed
15.6,36.2,2,6,Delayed
1.1,11.3,2,3,On-Time
9.7,18.8,1,6,On-Time
8.1,35.0,3,6,Delayed
4.8,41.3,2,2,Delayed
3.0,27.9,1,7,On-Time
6.7,28.6,1,2,On-Time
17.0,13.8,2,6,Delayed
6.5,25.7,1,1,On-Time
9.8,28.6,3,3,Delayed
13.0,18.5,2,2,On-Time
7.2,19.4,2,7,On-Time
17.5,23.2,2,4,Delayed
17.4,10.7,3,8,Delayed
5.3,21.3,2,6,On-Time
9.5,17.4,2,4,On-Time
6.1,21.5,2,5,On-Time
5.8,14.2,1,9,On-Time
1.6,41.2,3,7,Delayed
11.4,30.8,3,9,Delayed
9.5,33.8,2,7,Delayed
1.9,37.6,3,1,Delayed
5.7,27.4,3,8,Delayed
16.4,13.0,3,4,Delayed
5.1,28.8,3,3,Delayed
3.5,30.5,2,7,Delayed
9.3,36.1,2,3,Delayed
17.8,25.1,2,8,Delayed
5.1,14.5,3,6,Delayed
12.4,19.9,1,5,Delayed
13.9,22.7,3,4,Delayed
5.0,32.6,3,8,Delayed
13.4,30.0,1,8,Delayed
7.3,22.5,3,1,On-Time
11.7,44.5,1,9,Delayed
11.8,31.2,2,5,Delayed
10.1,18.3,3,4,Delayed
2.5,13.6,1,6,On-Time
15.2,15.4,3,6,Delayed
6.5,18.6,3,2,On-Time
4.2,15.6,2,8,On-Time
1.7,16.5,1,7,On-Time
11.0,20.0,1,1,On-Time
12.5,16.1,2,5,Delayed
1.3,41.4,3,6,Delayed
9.7,12.8,2,4,On-Time
4.9,28.4,1,2,On-Time
12.0,24.4,2,4,Delayed
4.0,44.4,2,1,Delayed
12.7,13.9,3,7,Delayed
7.6,23.9,1,2,On-Time
16.9,43.9,3,2,Delayed
3.3,40.3,2,9,Delayed
6.8,38.6,3,5,Delayed
2.9,19.0,2,2,On-Time
16.7,16.0,2,9,Delayed
15.9,33.4,3,9,Delayed
5.4,42.5,1,1,Delayed
12.2,29.5,3,3,Delayed
14.9,30.0,2,4,Delayed
10.4,19.8,1,7,On-Time
10.0,36.9,2,4,Delayed
5.1,16.5,3,2,On-Time
2.6,21.3,1,7,On-Time
16.3,24.9,2,6,Delayed
16.3,27.8,2,3,Delayed
11.8,18.5,2,6,Delayed
6.8,14.0,1,6,On-Time
6.9,31.4,3,5,Delayed
13.3,20.1,3,4,Delayed
16.3,30.3,3,1,Delayed
16.1,15.4,3,6,Delayed
14.3,26.8,1,2,On-Time
11.9,28.6,3,3,Delayed
2.4,11.8,1,8,On-Time
3.7,21.8,1,6,On-Time
16.3,14.7,2,3,On-Time
11.3,12.2,2,7,On-Time
1.2,44.6,3,4,Delayed
2.7,21.3,2,9,On-Time
12.3,38.3,2,5,Delayed
1.1,18.9,1,3,On-Time
3.7,33.9,3,2,Delayed
10.3,36.6,2,2,Delayed
12.8,30.8,2,3,Delayed
12.1,26.5,1,2,Delayed
4.8,24.4,3,4,Delayed
13.1,22.2,2,2,Delayed
5.0,42.5,1,9,Delayed
6.5,39.1,1,2,Delayed
13.7,43.8,2,9,Delayed
12.0,14.4,2,6,On-Time
15.4,35.6,1,1,Delayed
12.2,42.8,3,4,Delayed
10.7,16.3,1,1,On-Time
2.6,12.3,2,6,On-Time
7.3,35.9,3,4,Delayed
5.5,30.1,2,3,Delayed
5.1,39.5,2,3,Delayed
17.5,14.9,2,9,Delayed
7.7,37.8,1,6,Delayed
16.2,17.1,3,9,Delayed
11.7,15.7,2,5,Delayed
14.5,15.7,3,2,On-Time
9.5,38.5,1,8,Delayed
10.8,33.3,1,5,Delayed
9.4,28.3,1,2,Delayed
4.3,22.6,2,4,On-Time
13.3,40.7,2,9,Delayed
5.8,23.7,3,4,On-Time
1.4,38.6,2,4,Delayed
12.0,25.4,3,2,Delayed
4.0,23.2,1,6,On-Time
17.0,26.2,3,2,Delayed
17.2,20.5,3,7,Delayed
16.6,36.2,3,3,Delayed
7.3,27.6,3,3,Delayed
1.3,18.1,3,5,On-Time
16.8,41.5,2,3,Delayed
8.3,23.4,1,2,On-Time
17.4,29.0,1,9,Delayed
17.4,41.7,3,2,Delayed
15.5,31.8,2,2,Delayed
6.0,14.1,3,8,On-Time
7.5,42.9,2,9,Delayed
15.5,32.0,1,7,Delayed
6.4,21.7,1,3,On-Time
3.9,14.9,2,9,On-Time
10.5,37.8,2,3,Delayed
16.9,31.7,1,5,Delayed
12.8,28.7,2,9,Delayed
10.7,41.3,1,3,Delayed
2.7,37.6,2,7,Delayed
11.5,15.3,1,1,On-Time
17.8,20.9,3,4,Delayed
3.4,18.7,2,4,On-Time
9.8,36.0,2,7,Delayed
15.9,11.2,1,8,Delayed
13.6,29.9,1,1,Delayed
12.8,36.7,2,5,Delayed
12.9,40.7,2,7,Delayed
7.1,22.0,2,4,On-Time
6.0,38.7,1,4,On-Time
14.8,13.9,2,4,On-Time
14.8,39.6,3,6,Delayed
15.7,14.5,3,7,Delayed
16.5,23.9,1,2,Delayed
9.7,37.9,2,5,Delayed
9.5,15.2,1,4,On-Time
14.6,18.0,1,3,On-Time
12.0,35.3,3,7,Delayed
12.9,35.2,1,6,Delayed
14.5,32.4,2,7,Delayed
16.1,34.3,2,5,Delayed
6.7,29.0,3,6,Delayed
7.4,18.8,2,5,On-Time
2.6,22.1,1,7,On-Time
10.8,16.4,2,2,On-Time
1.6,41.8,2,5,Delayed
8.9,30.4,1,6,On-Time
10.2,24.0,2,6,Delayed
5.9,26.2,1,5,On-Time
11.0,43.2,1,7,Delayed
1.5,15.4,2,8,On-Time
1.6,30.5,1,7,On-Time
15.0,27.7,2,5,Delayed
7.1,31.4,2,1,On-Time
3.2,10.6,3,5,On-Time
9.9,40.5,1,2,Delayed
14.1,42.6,1,5,Delayed
4.7,29.8,1,5,On-Time
11.6,34.4,2,2,Delayed
2.5,42.3,3,5,Delayed
1.9,34.8,1,4,On-Time
10.0,15.3,3,1,On-Time
10.2,30.2,1,3,Delayed
11.8,31.2,2,1,Delayed
13.3,24.8,3,5,Delayed
17.6,35.8,3,4,Delayed
9.8,42.7,3,7,Delayed
6.5,42.4,3,5,Delayed
14.5,25.8,2,4,Delayed
5.6,14.0,3,2,On-Time
8.5,44.5,1,4,Delayed
2.3,39.4,3,2,Delayed
1.4,14.4,2,8,On-Time
17.4,42.2,3,3,Delayed
15.2,40.4,2,9,Delayed
12.8,28.2,2,4,Delayed
8.0,30.7,2,6,Delayed
3.9,24.0,3,5,Delayed
3.7,11.9,1,1,On-Time
5.3,21.7,1,9,On-Time
10.3,38.1,1,1,Delayed
13.1,10.2,1,8,On-Time
12.2,21.7,3,9,Delayed
5.8,23.9,1,9,On-Time
17.2,28.8,3,1,Delayed
13.5,42.2,2,2,Delayed
10.4,22.1,1,1,On-Time
11.4,22.1,3,2,Delayed
8.1,35.8,2,8,Delayed
5.2,25.8,2,5,On-Time
7.1,17.9,2,7,On-Time
13.9,25.8,3,2,Delayed
1.2,14.9,1,8,On-Time
3.0,16.2,3,6,On-Time
1.8,27.4,3,8,Delayed
1.7,24.7,2,1,On-Time
15.5,42.0,1,1,Delayed
13.0,22.7,2,7,Delayed
9.1,30.3,1,8,Delayed
2.7,32.1,1,3,On-Time
9.4,10.5,1,5,On-Time
9.0,33.2,2,1,Delayed
3.9,16.2,3,7,On-Time
8.4,43.6,3,5,Delayed
7.8,15.2,3,8,Delayed
11.5,24.5,2,8,Delayed
11.8,13.0,2,9,On-Time
1.8,44.9,2,7,Delayed
7.4,27.6,3,1,Delayed
11.6,30.8,1,3,Delayed
9.6,12.3,3,8,Delayed
15.6,36.2,2,3,Delayed
12.2,17.3,2,8,Delayed
3.8,41.4,3,1,Delayed
2.2,17.2,2,5,On-Time
11.9,16.7,3,4,Delayed
1.5,11.3,3,5,On-Time
11.0,26.5,2,8,Delayed
17.0,29.8,1,4,Delayed
10.8,12.3,2,4,On-Time
7.6,37.1,3,3,Delayed
11.9,25.9,1,7,Delayed
8.8,28.4,2,3,Delayed
10.3,25.4,2,3,Delayed
17.0,24.0,3,5,Delayed
7.6,29.6,1,5,Delayed
17.3,15.4,3,6,Delayed
16.4,16.4,3,8,Delayed
4.3,40.2,1,6,Delayed
2.2,43.1,1,1,On-Time
2.7,23.1,3,8,Delayed
1.3,19.5,1,8,On-Time
2.6,32.5,3,9,Delayed
12.6,24.3,2,9,Delayed
2.2,10.9,1,2,On-Time
6.4,15.5,3,2,On-Time
15.4,35.1,2,3,Delayed
1.4,33.1,2,1,On-Time
14.8,10.9,2,4,On-Time
5.8,17.8,2,4,On-Time
3.0,18.1,1,9,On-Time
12.8,33.5,2,9,Delayed
11.7,10.7,3,9,Delayed
15.9,13.6,1,7,On-Time
13.5,38.0,2,2,Delayed
14.7,16.2,2,5,On-Time
5.8,32.8,3,4,Delayed
4.0,18.3,1,8,On-Time
13.8,13.5,3,2,On-Time
14.7,18.5,2,6,Delayed
17.8,35.3,1,5,Delayed
8.0,39.9,1,2,Delayed
7.3,39.1,1,1,Delayed
14.2,23.9,2,8,Delayed
6.8,33.4,2,2,Delayed
16.8,17.2,3,7,Delayed
15.6,20.3,2,9,Delayed
8.3,41.4,1,9,Delayed
13.8,10.5,2,8,On-Time
13.8,13.0,3,9,Delayed
2.8,17.3,1,2,On-Time
16.3,10.9,1,6,On-Time
9.6,16.4,1,4,On-Time
15.0,30.4,3,4,Delayed
6.4,24.7,2,5,Delayed
16.2,41.2,2,3,Delayed
7.6,38.6,3,1,Delayed
1.2,22.0,3,8,On-Time
16.4,19.1,2,5,Delayed
2.6,23.3,3,3,On-Time
6.4,30.7,1,7,Delayed
17.2,19.4,1,7,Delayed
17.2,31.8,1,1,Delayed
10.7,24.3,1,9,Delayed
11.7,29.3,2,2,Delayed
8.6,25.3,3,5,Delayed
6.0,20.3,1,5,On-Time
6.6,43.2,1,8,Delayed
12.4,36.7,2,8,Delayed
13.8,14.9,3,7,Delayed
14.5,40.4,2,7,Delayed
14.4,27.1,2,6,Delayed
2.6,41.3,1,6,Delayed
9.4,38.0,1,9,Delayed
2.0,24.9,3,6,On-Time
10.3,10.8,3,2,On-Time
8.5,19.4,1,2,On-Time
16.1,29.0,3,5,Delayed
7.0,32.2,2,4,Delayed
3.0,19.0,3,2,On-Time
3.4,14.9,2,3,On-Time
13.9,39.2,2,7,Delayed
11.5,44.5,2,8,Delayed
2.7,28.4,2,6,On-Time
2.4,16.0,1,5,On-Time
12.9,19.5,1,1,Delayed
2.2,10.6,2,8,On-Time
15.0,42.0,3,3,Delayed
13.0,14.1,1,6,On-Time
2.4,30.2,2,3,On-Time
2.4,19.6,3,7,Delayed
17.8,29.4,1,7,Delayed
7.4,32.8,2,9,Delayed
7.3,39.0,2,5,Delayed
14.8,17.2,3,8,Delayed
17.1,10.4,1,8,On-Time
17.8,14.8,2,1,Delayed
13.8,41.5,3,5,Delayed
7.4,40.6,3,3,Delayed
2.4,30.9,2,1,On-Time
14.2,31.0,2,4,Delayed
10.5,33.3,2,8,Delayed
8.2,16.1,3,3,On-Time
16.4,42.0,2,2,Delayed
2.9,24.7,1,9,On-Time
9.4,23.4,3,5,Delayed
1.2,28.2,2,7,On-Time
9.0,11.6,2,2,On-Time
2.0,15.8,1,9,On-Time
3.0,35.8,2,9,Delayed
3.0,12.9,2,4,On-Time
12.0,31.1,2,4,Delayed
13.7,18.6,1,6,On-Time
10.9,23.6,2,6,Delayed
17.4,20.1,3,1,Delayed
7.4,22.4,1,9,On-Time
5.9,35.2,3,2,Delayed
15.8,20.4,2,5,Delayed
4.8,29.8,3,9,Delayed
17.4,26.7,3,4,Delayed
1.2,33.2,2,3,On-Time
17.5,42.8,3,7,Delayed
1.7,35.6,3,6,Delayed
16.1,17.5,2,8,Delayed
10.0,11.1,2,3,On-Time
17.9,19.2,2,5,Delayed
2.3,30.8,3,4,Delayed
10.4,11.8,3,4,On-Time
17.5,27.4,3,4,Delayed
9.9,30.9,2,8,Delayed
11.7,21.7,3,6,Delayed
12.8,37.0,1,3,Delayed
8.7,13.7,2,5,On-Time
11.7,12.6,1,6,On-Time
10.9,35.5,2,5,Delayed
16.3,27.3,2,6,Delayed
1.8,34.1,2,8,Delayed
5.8,25.2,2,7,On-Time
17.2,18.6,2,5,Delayed
16.1,38.7,2,6,Delayed
8.7,38.0,1,4,Delayed
11.5,34.3,2,9,Delayed
5.7,19.5,1,4,On-Time
4.2,30.7,1,1,On-Time
8.9,22.6,2,7,Delayed
7.0,13.2,2,7,On-Time
10.9,42.1,2,4,Delayed
2.3,14.8,2,3,On-Time
17.6,43.3,2,8,Delayed
17.8,25.6,3,5,Delayed
