review_id,review_text,sentiment
REV_0001,"This product is worst and horrible, complete terrible",0
REV_0002,"This product is defective and horrible, complete terrible",0
REV_0003,"This product is defective and broken, complete horrible",0
REV_0004,"This product is poor and slow, complete defective",0
REV_0005,"This product is waste and cheap, complete defective",0
REV_0006,"This product is slow and bad, complete poor",0
REV_0007,"This product is excellent and worth, totally durable",1
REV_0008,"This product is broken and waste, complete poor",0
REV_0009,"This product is worth and amazing, totally perfect",1
REV_0010,"This product is poor and bad, complete waste",0
REV_0011,"This product is cheap and worst, complete bad",0
REV_0012,"This product is bad and broken, complete waste",0
REV_0013,"This product is great and durable, totally superb",1
REV_0014,"This product is worth and love, totally durable",1
REV_0015,"This product is bad and horrible, complete defective",0
REV_0016,"This product is fast and excellent, totally best",1
REV_0017,"This product is terrible and waste, complete poor",0
REV_0018,"This product is great and amazing, totally durable",1
REV_0019,"This product is broken and horrible, complete poor",0
REV_0020,"This product is fast and great, totally best",1
REV_0021,"This product is durable and fast, totally superb",1
REV_0022,"This product is durable and love, totally superb",1
REV_0023,"This product is great and excellent, totally best",1
REV_0024,"This product is worth and superb, totally excellent",1
REV_0025,"This product is broken and terrible, complete poor",0
REV_0026,"This product is best and amazing, totally perfect",1
REV_0027,"This product is terrible and broken, complete worst",0
REV_0028,"This product is broken and waste, complete bad",0
REV_0029,"This product is durable and best, totally great",1
REV_0030,"This product is fast and best, totally amazing",1
REV_0031,"This product is horrible and terrible, complete worst",0
REV_0032,"This product is great and perfect, totally amazing",1
REV_0033,"This product is superb and love, totally great",1
REV_0034,"This product is amazing and superb, totally durable",1
REV_0035,"This product is horrible and broken, complete cheap",0
REV_0036,"This product is perfect and great, totally love",1
REV_0037,"This product is superb and love, totally fast",1
REV_0038,"This product is excellent and best, totally love",1
REV_0039,"This product is worth and love, totally perfect",1
REV_0040,"This product is amazing and perfect, totally superb",1
REV_0041,"This product is best and excellent, totally superb",1
REV_0042,"This product is broken and waste, complete cheap",0
REV_0043,"This product is poor and waste, complete slow",0
REV_0044,"This product is terrible and slow, complete bad",0
REV_0045,"This product is slow and horrible, complete terrible",0
REV_0046,"This product is superb and love, totally perfect",1
REV_0047,"This product is great and perfect, totally love",1
REV_0048,"This product is durable and perfect, totally excellent",1
REV_0049,"This product is horrible and waste, complete poor",0
REV_0050,"This product is defective and slow, complete poor",0
REV_0051,"This product is excellent and durable, totally best",1
REV_0052,"This product is superb and perfect, totally amazing",1
REV_0053,"This product is superb and perfect, totally durable",1
REV_0054,"This product is perfect and worth, totally best",1
REV_0055,"This product is cheap and broken, complete bad",0
REV_0056,"This product is fast and perfect, totally best",1
REV_0057,"This product is amazing and perfect, totally great",1
REV_0058,"This product is best and perfect, totally worth",1
REV_0059,"This product is durable and love, totally great",1
REV_0060,"This product is great and worth, totally superb",1
REV_0061,"This product is excellent and superb, totally best",1
REV_0062,"This product is bad and poor, complete cheap",0
REV_0063,"This product is durable and excellent, totally love",1
REV_0064,"This product is waste and bad, complete cheap",0
REV_0065,"This product is broken and cheap, complete worst",0
REV_0066,"This product is cheap and waste, complete poor",0
REV_0067,"This product is worst and terrible, complete horrible",0
REV_0068,"This product is defective and horrible, complete cheap",0
REV_0069,"This product is worth and amazing, totally love",1
REV_0070,"This product is great and excellent, totally worth",1
REV_0071,"This product is amazing and worth, totally love",1
REV_0072,"This product is excellent and amazing, totally great",1
REV_0073,"This product is perfect and fast, totally amazing",1
REV_0074,"This product is poor and waste, complete horrible",0
REV_0075,"This product is superb and durable, totally love",1
REV_0076,"This product is love and superb, totally amazing",1
REV_0077,"This product is defective and poor, complete worst",0
REV_0078,"This product is poor and waste, complete slow",0
REV_0079,"This product is superb and excellent, totally love",1
REV_0080,"This product is bad and defective, complete horrible",0
REV_0081,"This product is amazing and excellent, totally love",1
REV_0082,"This product is worth and great, totally durable",1
REV_0083,"This product is terrible and horrible, complete worst",0
REV_0084,"This product is excellent and fast, totally love",1
REV_0085,"This product is broken and horrible, complete slow",0
REV_0086,"This product is amazing and worth, totally perfect",1
REV_0087,"This product is superb and perfect, totally durable",1
REV_0088,"This product is durable and excellent, totally perfect",1
REV_0089,"This product is waste and cheap, complete horrible",0
REV_0090,"This product is great and love, totally durable",1
REV_0091,"This product is poor and slow, complete bad",0
REV_0092,"This product is excellent and love, totally amazing",1
REV_0093,"This product is terrible and slow, complete defective",0
REV_0094,"This product is superb and perfect, totally amazing",1
REV_0095,"This product is defective and bad, complete waste",0
REV_0096,"This product is broken and slow, complete defective",0
REV_0097,"This product is slow and cheap, complete horrible",0
REV_0098,"This product is terrible and broken, complete defective",0
REV_0099,"This product is terrible and poor, complete bad",0
REV_0100,"This product is broken and horrible, complete cheap",0
REV_0101,"This product is excellent and worth, totally fast",1
REV_0102,"This product is love and fast, totally amazing",1
REV_0103,"This product is slow and worst, complete defective",0
REV_0104,"This product is slow and waste, complete horrible",0
REV_0105,"This product is slow and defective, complete worst",0
REV_0106,"This product is best and perfect, totally superb",1
REV_0107,"This product is great and superb, totally worth",1
REV_0108,"This product is cheap and slow, complete waste",0
REV_0109,"This product is poor and horrible, complete worst",0
REV_0110,"This product is terrible and poor, complete worst",0
REV_0111,"This product is worth and best, totally great",1
REV_0112,"This product is slow and waste, complete defective",0
REV_0113,"This product is great and excellent, totally amazing",1
REV_0114,"This product is best and excellent, totally fast",1
REV_0115,"This product is best and excellent, totally worth",1
REV_0116,"This product is broken and horrible, complete defective",0
REV_0117,"This product is defective and broken, complete waste",0
REV_0118,"This product is worst and defective, complete poor",0
REV_0119,"This product is poor and defective, complete broken",0
REV_0120,"This product is cheap and waste, complete bad",0
REV_0121,"This product is worst and terrible, complete broken",0
REV_0122,"This product is great and superb, totally worth",1
REV_0123,"This product is amazing and fast, totally durable",1
REV_0124,"This product is horrible and poor, complete worst",0
REV_0125,"This product is bad and worst, complete cheap",0
REV_0126,"This product is fast and worth, totally best",1
REV_0127,"This product is best and worth, totally durable",1
REV_0128,"This product is love and great, totally superb",1
REV_0129,"This product is cheap and bad, complete horrible",0
REV_0130,"This product is fast and excellent, totally worth",1
REV_0131,"This product is worth and perfect, totally great",1
REV_0132,"This product is excellent and perfect, totally fast",1
REV_0133,"This product is love and superb, totally amazing",1
REV_0134,"This product is love and best, totally worth",1
REV_0135,"This product is bad and horrible, complete worst",0
REV_0136,"This product is fast and durable, totally excellent",1
REV_0137,"This product is worth and superb, totally amazing",1
REV_0138,"This product is horrible and defective, complete terrible",0
REV_0139,"This product is slow and waste, complete bad",0
REV_0140,"This product is durable and perfect, totally worth",1
REV_0141,"This product is slow and broken, complete horrible",0
REV_0142,"This product is fast and worth, totally superb",1
REV_0143,"This product is cheap and waste, complete worst",0
REV_0144,"This product is worst and broken, complete bad",0
REV_0145,"This product is bad and poor, complete defective",0
REV_0146,"This product is love and great, totally perfect",1
REV_0147,"This product is perfect and best, totally worth",1
REV_0148,"This product is amazing and durable, totally love",1
REV_0149,"This product is worst and bad, complete defective",0
REV_0150,"This product is superb and best, totally excellent",1
REV_0151,"This product is excellent and worth, totally love",1
REV_0152,"This product is amazing and superb, totally great",1
REV_0153,"This product is love and excellent, totally durable",1
REV_0154,"This product is defective and broken, complete horrible",0
REV_0155,"This product is cheap and waste, complete bad",0
REV_0156,"This product is cheap and defective, complete worst",0
REV_0157,"This product is poor and worst, complete bad",0
REV_0158,"This product is excellent and worth, totally perfect",1
REV_0159,"This product is fast and best, totally superb",1
REV_0160,"This product is broken and worst, complete horrible",0
REV_0161,"This product is worst and horrible, complete poor",0
REV_0162,"This product is broken and cheap, complete slow",0
REV_0163,"This product is cheap and horrible, complete waste",0
REV_0164,"This product is bad and broken, complete horrible",0
REV_0165,"This product is fast and best, totally superb",1
REV_0166,"This product is worst and slow, complete defective",0
REV_0167,"This product is bad and worst, complete slow",0
REV_0168,"This product is love and worth, totally great",1
REV_0169,"This product is superb and love, totally fast",1
REV_0170,"This product is amazing and excellent, totally fast",1
REV_0171,"This product is fast and superb, totally love",1
REV_0172,"This product is terrible and worst, complete slow",0
REV_0173,"This product is terrible and waste, complete horrible",0
REV_0174,"This product is broken and waste, complete worst",0
REV_0175,"This product is horrible and terrible, complete cheap",0
REV_0176,"This product is defective and terrible, complete worst",0
REV_0177,"This product is love and excellent, totally great",1
REV_0178,"This product is great and fast, totally best",1
REV_0179,"This product is horrible and poor, complete cheap",0
REV_0180,"This product is perfect and best, totally fast",1
REV_0181,"This product is horrible and bad, complete worst",0
REV_0182,"This product is horrible and terrible, complete bad",0
REV_0183,"This product is broken and waste, complete poor",0
REV_0184,"This product is slow and cheap, complete terrible",0
REV_0185,"This product is slow and broken, complete worst",0
REV_0186,"This product is worth and great, totally love",1
REV_0187,"This product is slow and waste, complete broken",0
REV_0188,"This product is worst and waste, complete poor",0
REV_0189,"This product is terrible and worst, complete broken",0
REV_0190,"This product is cheap and worst, complete horrible",0
REV_0191,"This product is best and excellent, totally amazing",1
REV_0192,"This product is broken and terrible, complete slow",0
REV_0193,"This product is fast and amazing, totally durable",1
REV_0194,"This product is terrible and bad, complete poor",0
REV_0195,"This product is fast and worth, totally great",1
REV_0196,"This product is durable and superb, totally great",1
REV_0197,"This product is amazing and excellent, totally great",1
REV_0198,"This product is excellent and worth, totally amazing",1
REV_0199,"This product is superb and excellent, totally durable",1
REV_0200,"This product is slow and defective, complete horrible",0
REV_0201,"This product is worth and great, totally amazing",1
REV_0202,"This product is durable and superb, totally best",1
REV_0203,"This product is poor and horrible, complete bad",0
REV_0204,"This product is slow and terrible, complete worst",0
REV_0205,"This product is broken and slow, complete poor",0
REV_0206,"This product is poor and cheap, complete waste",0
REV_0207,"This product is amazing and durable, totally worth",1
REV_0208,"This product is great and fast, totally love",1
REV_0209,"This product is defective and terrible, complete slow",0
REV_0210,"This product is excellent and love, totally best",1
REV_0211,"This product is cheap and bad, complete waste",0
REV_0212,"This product is slow and defective, complete worst",0
REV_0213,"This product is broken and cheap, complete bad",0
REV_0214,"This product is love and fast, totally great",1
REV_0215,"This product is superb and amazing, totally love",1
REV_0216,"This product is terrible and cheap, complete waste",0
REV_0217,"This product is superb and perfect, totally great",1
REV_0218,"This product is worth and perfect, totally fast",1
REV_0219,"This product is superb and durable, totally worth",1
REV_0220,"This product is superb and perfect, totally durable",1
REV_0221,"This product is terrible and slow, complete cheap",0
REV_0222,"This product is perfect and superb, totally excellent",1
REV_0223,"This product is worth and superb, totally excellent",1
REV_0224,"This product is bad and slow, complete terrible",0
REV_0225,"This product is bad and terrible, complete defective",0
REV_0226,"This product is waste and poor, complete broken",0
REV_0227,"This product is waste and horrible, complete poor",0
REV_0228,"This product is love and superb, totally perfect",1
REV_0229,"This product is broken and defective, complete horrible",0
REV_0230,"This product is defective and bad, complete slow",0
REV_0231,"This product is horrible and poor, complete cheap",0
REV_0232,"This product is terrible and worst, complete bad",0
REV_0233,"This product is horrible and broken, complete poor",0
REV_0234,"This product is superb and great, totally perfect",1
REV_0235,"This product is horrible and waste, complete poor",0
REV_0236,"This product is fast and superb, totally worth",1
REV_0237,"This product is defective and broken, complete slow",0
REV_0238,"This product is cheap and waste, complete slow",0
REV_0239,"This product is perfect and great, totally amazing",1
REV_0240,"This product is poor and slow, complete terrible",0
REV_0241,"This product is durable and amazing, totally worth",1
REV_0242,"This product is amazing and perfect, totally superb",1
REV_0243,"This product is worth and superb, totally best",1
REV_0244,"This product is cheap and terrible, complete waste",0
REV_0245,"This product is terrible and cheap, complete broken",0
REV_0246,"This product is excellent and superb, totally love",1
REV_0247,"This product is perfect and durable, totally amazing",1
REV_0248,"This product is cheap and poor, complete slow",0
REV_0249,"This product is horrible and waste, complete defective",0
REV_0250,"This product is worth and excellent, totally fast",1
REV_0251,"This product is bad and worst, complete slow",0
REV_0252,"This product is broken and poor, complete worst",0
REV_0253,"This product is bad and poor, complete horrible",0
REV_0254,"This product is excellent and durable, totally amazing",1
REV_0255,"This product is defective and bad, complete poor",0
REV_0256,"This product is terrible and worst, complete cheap",0
REV_0257,"This product is amazing and love, totally worth",1
REV_0258,"This product is perfect and great, totally worth",1
REV_0259,"This product is horrible and terrible, complete waste",0
REV_0260,"This product is amazing and durable, totally worth",1
REV_0261,"This product is bad and waste, complete defective",0
REV_0262,"This product is love and durable, totally superb",1
REV_0263,"This product is horrible and poor, complete bad",0
REV_0264,"This product is cheap and poor, complete bad",0
REV_0265,"This product is terrible and poor, complete broken",0
REV_0266,"This product is broken and cheap, complete waste",0
REV_0267,"This product is love and best, totally perfect",1
REV_0268,"This product is amazing and love, totally excellent",1
REV_0269,"This product is terrible and horrible, complete waste",0
REV_0270,"This product is broken and bad, complete worst",0
REV_0271,"This product is poor and bad, complete defective",0
REV_0272,"This product is amazing and best, totally fast",1
REV_0273,"This product is terrible and broken, complete poor",0
REV_0274,"This product is superb and excellent, totally durable",1
REV_0275,"This product is poor and horrible, complete slow",0
REV_0276,"This product is durable and great, totally excellent",1
REV_0277,"This product is cheap and poor, complete bad",0
REV_0278,"This product is love and excellent, totally durable",1
REV_0279,"This product is terrible and waste, complete defective",0
REV_0280,"This product is superb and worth, totally durable",1
REV_0281,"This product is terrible and slow, complete cheap",0
REV_0282,"This product is terrible and waste, complete worst",0
REV_0283,"This product is defective and bad, complete waste",0
REV_0284,"This product is waste and terrible, complete slow",0
REV_0285,"This product is slow and defective, complete poor",0
REV_0286,"This product is perfect and great, totally worth",1
REV_0287,"This product is defective and waste, complete poor",0
REV_0288,"This product is waste and slow, complete horrible",0
REV_0289,"This product is poor and worst, complete defective",0
REV_0290,"This product is slow and poor, complete bad",0
REV_0291,"This product is worth and best, totally excellent",1
REV_0292,"This product is great and amazing, totally excellent",1
REV_0293,"This product is excellent and amazing, totally worth",1
REV_0294,"This product is worst and waste, complete horrible",0
REV_0295,"This product is broken and cheap, complete terrible",0
REV_0296,"This product is superb and durable, totally best",1
REV_0297,"This product is amazing and love, totally worth",1
REV_0298,"This product is slow and poor, complete worst",0
REV_0299,"This product is perfect and worth, totally amazing",1
REV_0300,"This product is worth and superb, totally amazing",1
REV_0301,"This product is amazing and love, totally best",1
REV_0302,"This product is worst and horrible, complete broken",0
REV_0303,"This product is slow and terrible, complete broken",0
REV_0304,"This product is terrible and slow, complete waste",0
REV_0305,"This product is defective and cheap, complete poor",0
REV_0306,"This product is best and worth, totally superb",1
REV_0307,"This product is best and durable, totally fast",1
REV_0308,"This product is great and amazing, totally best",1
REV_0309,"This product is waste and terrible, complete broken",0
REV_0310,"This product is best and fast, totally durable",1
REV_0311,"This product is horrible and poor, complete terrible",0
REV_0312,"This product is amazing and love, totally fast",1
REV_0313,"This product is worst and poor, complete horrible",0
REV_0314,"This product is perfect and durable, totally superb",1
REV_0315,"This product is bad and waste, complete horrible",0
REV_0316,"This product is durable and worth, totally amazing",1
REV_0317,"This product is love and durable, totally worth",1
REV_0318,"This product is worth and fast, totally durable",1
REV_0319,"This product is broken and bad, complete slow",0
REV_0320,"This product is bad and slow, complete defective",0
REV_0321,"This product is superb and durable, totally love",1
REV_0322,"This product is terrible and slow, complete defective",0
REV_0323,"This product is worst and broken, complete cheap",0
REV_0324,"This product is great and perfect, totally worth",1
REV_0325,"This product is waste and poor, complete terrible",0
REV_0326,"This product is poor and slow, complete broken",0
REV_0327,"This product is defective and broken, complete bad",0
REV_0328,"This product is slow and waste, complete poor",0
REV_0329,"This product is perfect and superb, totally amazing",1
REV_0330,"This product is cheap and broken, complete bad",0
REV_0331,"This product is best and superb, totally worth",1
REV_0332,"This product is great and worth, totally fast",1
REV_0333,"This product is slow and terrible, complete cheap",0
REV_0334,"This product is love and amazing, totally best",1
REV_0335,"This product is bad and slow, complete cheap",0
REV_0336,"This product is slow and poor, complete bad",0
REV_0337,"This product is perfect and best, totally fast",1
REV_0338,"This product is poor and waste, complete worst",0
REV_0339,"This product is worst and defective, complete bad",0
REV_0340,"This product is cheap and poor, complete bad",0
REV_0341,"This product is durable and perfect, totally fast",1
REV_0342,"This product is amazing and fast, totally durable",1
REV_0343,"This product is defective and horrible, complete slow",0
REV_0344,"This product is waste and bad, complete worst",0
REV_0345,"This product is best and fast, totally love",1
REV_0346,"This product is worth and durable, totally love",1
REV_0347,"This product is amazing and love, totally perfect",1
REV_0348,"This product is waste and broken, complete poor",0
REV_0349,"This product is defective and horrible, complete worst",0
REV_0350,"This product is love and best, totally perfect",1
REV_0351,"This product is horrible and waste, complete bad",0
REV_0352,"This product is durable and excellent, totally best",1
REV_0353,"This product is slow and bad, complete horrible",0
REV_0354,"This product is perfect and excellent, totally great",1
REV_0355,"This product is worst and defective, complete terrible",0
REV_0356,"This product is terrible and cheap, complete defective",0
REV_0357,"This product is perfect and great, totally worth",1
REV_0358,"This product is waste and horrible, complete bad",0
REV_0359,"This product is worst and terrible, complete bad",0
REV_0360,"This product is great and superb, totally perfect",1
REV_0361,"This product is bad and cheap, complete horrible",0
REV_0362,"This product is poor and slow, complete bad",0
REV_0363,"This product is love and excellent, totally durable",1
REV_0364,"This product is amazing and perfect, totally fast",1
REV_0365,"This product is best and excellent, totally amazing",1
REV_0366,"This product is best and love, totally superb",1
REV_0367,"This product is poor and bad, complete defective",0
REV_0368,"This product is great and love, totally superb",1
REV_0369,"This product is excellent and love, totally fast",1
REV_0370,"This product is worst and horrible, complete cheap",0
REV_0371,"This product is great and best, totally love",1
REV_0372,"This product is perfect and great, totally worth",1
REV_0373,"This product is superb and best, totally amazing",1
REV_0374,"This product is slow and terrible, complete poor",0
REV_0375,"This product is worth and amazing, totally best",1
REV_0376,"This product is terrible and broken, complete bad",0
REV_0377,"This product is poor and worst, complete terrible",0
REV_0378,"This product is perfect and love, totally great",1
REV_0379,"This product is excellent and amazing, totally great",1
REV_0380,"This product is poor and slow, complete waste",0
REV_0381,"This product is superb and perfect, totally best",1
REV_0382,"This product is broken and worst, complete slow",0
REV_0383,"This product is poor and cheap, complete bad",0
REV_0384,"This product is defective and cheap, complete terrible",0
REV_0385,"This product is bad and worst, complete horrible",0
REV_0386,"This product is perfect and great, totally love",1
REV_0387,"This product is great and fast, totally amazing",1
REV_0388,"This product is durable and great, totally worth",1
REV_0389,"This product is defective and horrible, complete bad",0
REV_0390,"This product is horrible and cheap, complete broken",0
REV_0391,"This product is excellent and perfect, totally best",1
REV_0392,"This product is poor and cheap, complete waste",0
REV_0393,"This product is durable and worth, totally superb",1
REV_0394,"This product is horrible and waste, complete cheap",0
REV_0395,"This product is poor and horrible, complete defective",0
REV_0396,"This product is best and amazing, totally great",1
REV_0397,"This product is defective and waste, complete worst",0
REV_0398,"This product is great and durable, totally excellent",1
REV_0399,"This product is worth and great, totally best",1
REV_0400,"This product is worst and slow, complete cheap",0
REV_0401,"This product is bad and cheap, complete waste",0
REV_0402,"This product is best and durable, totally superb",1
REV_0403,"This product is excellent and great, totally perfect",1
REV_0404,"This product is great and best, totally amazing",1
REV_0405,"This product is worth and durable, totally amazing",1
REV_0406,"This product is defective and worst, complete slow",0
REV_0407,"This product is love and excellent, totally worth",1
REV_0408,"This product is horrible and bad, complete worst",0
REV_0409,"This product is perfect and worth, totally excellent",1
REV_0410,"This product is terrible and defective, complete worst",0
REV_0411,"This product is fast and love, totally worth",1
REV_0412,"This product is poor and slow, complete horrible",0
REV_0413,"This product is worth and amazing, totally superb",1
REV_0414,"This product is terrible and slow, complete bad",0
REV_0415,"This product is horrible and bad, complete terrible",0
REV_0416,"This product is worst and horrible, complete bad",0
REV_0417,"This product is durable and love, totally best",1
REV_0418,"This product is waste and horrible, complete defective",0
REV_0419,"This product is love and amazing, totally perfect",1
REV_0420,"This product is superb and excellent, totally great",1
REV_0421,"This product is terrible and worst, complete waste",0
REV_0422,"This product is perfect and superb, totally worth",1
REV_0423,"This product is defective and horrible, complete bad",0
REV_0424,"This product is worth and excellent, totally perfect",1
REV_0425,"This product is slow and terrible, complete poor",0
REV_0426,"This product is durable and amazing, totally great",1
REV_0427,"This product is terrible and cheap, complete defective",0
REV_0428,"This product is durable and great, totally fast",1
REV_0429,"This product is worst and horrible, complete bad",0
REV_0430,"This product is amazing and great, totally excellent",1
REV_0431,"This product is broken and worst, complete slow",0
REV_0432,"This product is bad and slow, complete poor",0
REV_0433,"This product is perfect and best, totally superb",1
REV_0434,"This product is worst and waste, complete slow",0
REV_0435,"This product is poor and waste, complete terrible",0
REV_0436,"This product is bad and worst, complete broken",0
REV_0437,"This product is durable and best, totally fast",1
REV_0438,"This product is durable and perfect, totally excellent",1
REV_0439,"This product is perfect and durable, totally great",1
REV_0440,"This product is excellent and best, totally great",1
REV_0441,"This product is love and excellent, totally superb",1
REV_0442,"This product is best and amazing, totally perfect",1
REV_0443,"This product is waste and cheap, complete slow",0
REV_0444,"This product is cheap and worst, complete slow",0
REV_0445,"This product is defective and slow, complete poor",0
REV_0446,"This product is broken and waste, complete horrible",0
REV_0447,"This product is durable and amazing, totally superb",1
REV_0448,"This product is poor and bad, complete broken",0
REV_0449,"This product is terrible and horrible, complete bad",0
REV_0450,"This product is fast and great, totally superb",1
REV_0451,"This product is worst and slow, complete terrible",0
REV_0452,"This product is superb and best, totally excellent",1
REV_0453,"This product is durable and worth, totally excellent",1
REV_0454,"This product is fast and amazing, totally durable",1
REV_0455,"This product is best and worth, totally perfect",1
REV_0456,"This product is best and durable, totally love",1
REV_0457,"This product is great and perfect, totally excellent",1
REV_0458,"This product is horrible and worst, complete bad",0
REV_0459,"This product is durable and amazing, totally superb",1
REV_0460,"This product is broken and worst, complete cheap",0
REV_0461,"This product is fast and excellent, totally best",1
REV_0462,"This product is best and durable, totally love",1
REV_0463,"This product is amazing and best, totally great",1
REV_0464,"This product is excellent and love, totally perfect",1
REV_0465,"This product is terrible and defective, complete slow",0
REV_0466,"This product is horrible and terrible, complete defective",0
REV_0467,"This product is fast and amazing, totally worth",1
REV_0468,"This product is excellent and fast, totally perfect",1
REV_0469,"This product is horrible and slow, complete waste",0
REV_0470,"This product is amazing and excellent, totally durable",1
REV_0471,"This product is love and perfect, totally amazing",1
REV_0472,"This product is worth and durable, totally amazing",1
REV_0473,"This product is durable and amazing, totally great",1
REV_0474,"This product is slow and waste, complete worst",0
REV_0475,"This product is slow and broken, complete worst",0
REV_0476,"This product is best and worth, totally perfect",1
REV_0477,"This product is poor and terrible, complete slow",0
REV_0478,"This product is cheap and broken, complete worst",0
REV_0479,"This product is defective and waste, complete worst",0
REV_0480,"This product is bad and worst, complete waste",0
REV_0481,"This product is great and love, totally fast",1
REV_0482,"This product is waste and poor, complete cheap",0
REV_0483,"This product is worth and great, totally love",1
REV_0484,"This product is cheap and worst, complete slow",0
REV_0485,"This product is poor and waste, complete broken",0
REV_0486,"This product is cheap and slow, complete horrible",0
REV_0487,"This product is terrible and poor, complete horrible",0
REV_0488,"This product is bad and broken, complete waste",0
REV_0489,"This product is terrible and worst, complete waste",0
REV_0490,"This product is superb and great, totally perfect",1
REV_0491,"This product is slow and horrible, complete poor",0
REV_0492,"This product is superb and amazing, totally durable",1
REV_0493,"This product is cheap and bad, complete worst",0
REV_0494,"This product is superb and worth, totally best",1
REV_0495,"This product is love and best, totally excellent",1
REV_0496,"This product is excellent and durable, totally fast",1
REV_0497,"This product is waste and slow, complete terrible",0
REV_0498,"This product is worst and poor, complete terrible",0
REV_0499,"This product is worst and horrible, complete defective",0
REV_0500,"This product is poor and slow, complete cheap",0
