date,city,temperature_celsius
2024-01-01,Ahmedabad,18.6
2024-01-02,Ahmedabad,17.7
2024-01-03,Ahmedabad,19.0
2024-01-04,Ahmedabad,20.4
2024-01-05,Ahmedabad,17.9
2024-01-06,Ahmedabad,18.0
2024-01-07,Ahmedabad,20.9
2024-01-08,Ahmedabad,19.8
2024-01-09,Ahmedabad,18.1
2024-01-10,Ahmedabad,19.7
2024-01-11,Ahmedabad,18.3
2024-01-12,Ahmedabad,18.5
2024-01-13,Ahmedabad,19.7
2024-01-14,Ahmedabad,16.6
2024-01-15,Ahmedabad,17.0
2024-01-16,Ahmedabad,18.9
2024-01-17,Ahmedabad,18.4
2024-01-18,Ahmedabad,20.5
2024-01-19,Ahmedabad,18.9
2024-01-20,Ahmedabad,18.3
2024-01-21,Ahmedabad,22.7
2024-01-22,Ahmedabad,20.4
2024-01-23,Ahmedabad,21.0
2024-01-24,Ahmedabad,18.9
2024-01-25,Ahmedabad,20.4
2024-01-26,Ahmedabad,21.5
2024-01-27,Ahmedabad,19.8
2024-01-28,Ahmedabad,22.3
2024-01-29,Ahmedabad,21.0
2024-01-30,Ahmedabad,21.6
2024-01-31,Ahmedabad,21.4
2024-02-01,Ahmedabad,25.2
2024-02-02,Ahmedabad,22.6
2024-02-03,Ahmedabad,21.2
2024-02-04,Ahmedabad,24.2
2024-02-05,Ahmedabad,21.4
2024-02-06,Ahmedabad,23.7
2024-02-07,Ahmedabad,20.6
2024-02-08,Ahmedabad,21.8
2024-02-09,Ahmedabad,24.2
2024-02-10,Ahmedabad,25.3
2024-02-11,Ahmedabad,24.6
2024-02-12,Ahmedabad,24.4
2024-02-13,Ahmedabad,24.3
2024-02-14,Ahmedabad,22.7
2024-02-15,Ahmedabad,24.1
2024-02-16,Ahmedabad,24.6
2024-02-17,Ahmedabad,27.1
2024-02-18,Ahmedabad,26.3
2024-02-19,Ahmedabad,23.3
2024-02-20,Ahmedabad,26.6
2024-02-21,Ahmedabad,25.8
2024-02-22,Ahmedabad,25.5
2024-02-23,Ahmedabad,27.7
2024-02-24,Ahmedabad,28.5
2024-02-25,Ahmedabad,28.6
2024-02-26,Ahmedabad,26.1
2024-02-27,Ahmedabad,27.1
2024-02-28,Ahmedabad,28.3
2024-02-29,Ahmedabad,29.5
2024-03-01,Ahmedabad,27.5
2024-03-02,Ahmedabad,28.1
2024-03-03,Ahmedabad,27.0
2024-03-04,Ahmedabad,27.0
2024-03-05,Ahmedabad,30.2
2024-03-06,Ahmedabad,31.3
2024-03-07,Ahmedabad,29.3
2024-03-08,Ahmedabad,31.2
2024-03-09,Ahmedabad,30.4
2024-03-10,Ahmedabad,29.1
2024-03-11,Ahmedabad,30.8
2024-03-12,Ahmedabad,32.8
2024-03-13,Ahmedabad,30.6
2024-03-14,Ahmedabad,33.2
2024-03-15,Ahmedabad,27.1
2024-03-16,Ahmedabad,32.5
2024-03-17,Ahmedabad,31.6
2024-03-18,Ahmedabad,31.2
2024-03-19,Ahmedabad,32.0
2024-03-20,Ahmedabad,29.1
2024-03-21,Ahmedabad,31.9
2024-03-22,Ahmedabad,33.0
2024-03-23,Ahmedabad,34.8
2024-03-24,Ahmedabad,32.0
2024-03-25,Ahmedabad,31.8
2024-03-26,Ahmedabad,32.4
2024-03-27,Ahmedabad,34.7
2024-03-28,Ahmedabad,34.1
2024-03-29,Ahmedabad,32.9
2024-03-30,Ahmedabad,34.7
2024-03-31,Ahmedabad,34.2
2024-04-01,Ahmedabad,35.7
2024-04-02,Ahmedabad,33.4
2024-04-03,Ahmedabad,34.1
2024-04-04,Ahmedabad,34.2
2024-04-05,Ahmedabad,32.8
2024-04-06,Ahmedabad,35.6
2024-04-07,Ahmedabad,35.7
2024-04-08,Ahmedabad,35.5
2024-04-09,Ahmedabad,35.3
2024-04-10,Ahmedabad,33.7
2024-04-11,Ahmedabad,35.3
2024-04-12,Ahmedabad,35.6
2024-04-13,Ahmedabad,35.0
2024-04-14,Ahmedabad,36.1
2024-04-15,Ahmedabad,37.1
2024-04-16,Ahmedabad,39.5
2024-04-17,Ahmedabad,37.1
2024-04-18,Ahmedabad,37.3
2024-04-19,Ahmedabad,37.0
2024-04-20,Ahmedabad,34.4
2024-04-21,Ahmedabad,37.3
2024-04-22,Ahmedabad,37.6
2024-04-23,Ahmedabad,41.3
2024-04-24,Ahmedabad,37.4
2024-04-25,Ahmedabad,38.3
2024-04-26,Ahmedabad,37.9
2024-04-27,Ahmedabad,36.3
2024-04-28,Ahmedabad,39.9
2024-04-29,Ahmedabad,39.4
2024-04-30,Ahmedabad,39.6
2024-05-01,Ahmedabad,37.1
2024-05-02,Ahmedabad,40.7
2024-05-03,Ahmedabad,36.6
2024-05-04,Ahmedabad,39.7
2024-05-05,Ahmedabad,42.2
2024-05-06,Ahmedabad,37.5
2024-05-07,Ahmedabad,38.2
2024-05-08,Ahmedabad,39.3
2024-05-09,Ahmedabad,38.4
2024-05-10,Ahmedabad,36.9
2024-05-11,Ahmedabad,39.4
2024-05-12,Ahmedabad,37.8
2024-05-13,Ahmedabad,40.2
2024-05-14,Ahmedabad,38.2
2024-05-15,Ahmedabad,41.9
2024-05-16,Ahmedabad,38.5
2024-05-17,Ahmedabad,39.2
2024-05-18,Ahmedabad,41.0
2024-05-19,Ahmedabad,37.9
2024-05-20,Ahmedabad,40.2
2024-05-21,Ahmedabad,41.8
2024-05-22,Ahmedabad,37.5
2024-05-23,Ahmedabad,40.2
2024-05-24,Ahmedabad,40.3
2024-05-25,Ahmedabad,41.1
2024-05-26,Ahmedabad,38.1
2024-05-27,Ahmedabad,38.0
2024-05-28,Ahmedabad,40.8
2024-05-29,Ahmedabad,40.4
2024-05-30,Ahmedabad,40.4
2024-05-31,Ahmedabad,40.5
2024-06-01,Ahmedabad,39.0
2024-06-02,Ahmedabad,40.3
2024-06-03,Ahmedabad,40.4
2024-06-04,Ahmedabad,38.9
2024-06-05,Ahmedabad,42.7
2024-06-06,Ahmedabad,40.6
2024-06-07,Ahmedabad,38.1
2024-06-08,Ahmedabad,40.9
2024-06-09,Ahmedabad,38.4
2024-06-10,Ahmedabad,41.0
2024-06-11,Ahmedabad,41.5
2024-06-12,Ahmedabad,38.5
2024-06-13,Ahmedabad,41.1
2024-06-14,Ahmedabad,40.2
2024-06-15,Ahmedabad,40.8
2024-06-16,Ahmedabad,42.4
2024-06-17,Ahmedabad,39.1
2024-06-18,Ahmedabad,38.3
2024-06-19,Ahmedabad,38.0
2024-06-20,Ahmedabad,38.0
2024-06-21,Ahmedabad,39.1
2024-06-22,Ahmedabad,39.6
2024-06-23,Ahmedabad,39.4
2024-06-24,Ahmedabad,40.2
2024-06-25,Ahmedabad,38.9
2024-06-26,Ahmedabad,40.9
2024-06-27,Ahmedabad,38.3
2024-06-28,Ahmedabad,42.6
2024-06-29,Ahmedabad,39.4
2024-06-30,Ahmedabad,37.1
2024-07-01,Ahmedabad,36.7
2024-07-02,Ahmedabad,38.9
2024-07-03,Ahmedabad,37.7
2024-07-04,Ahmedabad,39.0
2024-07-05,Ahmedabad,38.5
2024-07-06,Ahmedabad,37.6
2024-07-07,Ahmedabad,36.3
2024-07-08,Ahmedabad,35.2
2024-07-09,Ahmedabad,36.6
2024-07-10,Ahmedabad,38.5
2024-07-11,Ahmedabad,37.4
2024-07-12,Ahmedabad,35.0
2024-07-13,Ahmedabad,37.0
2024-07-14,Ahmedabad,37.2
2024-07-15,Ahmedabad,35.2
2024-07-16,Ahmedabad,36.6
2024-07-17,Ahmedabad,36.3
2024-07-18,Ahmedabad,34.3
2024-07-19,Ahmedabad,36.4
2024-07-20,Ahmedabad,36.6
2024-07-21,Ahmedabad,37.2
2024-07-22,Ahmedabad,37.0
2024-07-23,Ahmedabad,33.2
2024-07-24,Ahmedabad,33.7
2024-07-25,Ahmedabad,35.7
2024-07-26,Ahmedabad,35.5
2024-07-27,Ahmedabad,35.3
2024-07-28,Ahmedabad,40.2
2024-07-29,Ahmedabad,35.1
2024-07-30,Ahmedabad,35.7
2024-07-31,Ahmedabad,35.3
2024-08-01,Ahmedabad,34.7
2024-08-02,Ahmedabad,33.0
2024-08-03,Ahmedabad,34.4
2024-08-04,Ahmedabad,32.0
2024-08-05,Ahmedabad,32.6
2024-08-06,Ahmedabad,32.0
2024-08-07,Ahmedabad,32.7
2024-08-08,Ahmedabad,35.8
2024-08-09,Ahmedabad,29.4
2024-08-10,Ahmedabad,33.0
2024-08-11,Ahmedabad,29.4
2024-08-12,Ahmedabad,30.9
2024-08-13,Ahmedabad,33.0
2024-08-14,Ahmedabad,31.3
2024-08-15,Ahmedabad,29.4
2024-08-16,Ahmedabad,29.7
2024-08-17,Ahmedabad,31.6
2024-08-18,Ahmedabad,29.3
2024-08-19,Ahmedabad,30.5
2024-08-20,Ahmedabad,30.0
2024-08-21,Ahmedabad,28.8
2024-08-22,Ahmedabad,32.8
2024-08-23,Ahmedabad,30.3
2024-08-24,Ahmedabad,26.1
2024-08-25,Ahmedabad,29.2
2024-08-26,Ahmedabad,27.8
2024-08-27,Ahmedabad,29.8
2024-08-28,Ahmedabad,27.1
2024-08-29,Ahmedabad,28.0
2024-08-30,Ahmedabad,28.7
2024-08-31,Ahmedabad,29.0
2024-09-01,Ahmedabad,25.7
2024-09-02,Ahmedabad,26.8
2024-09-03,Ahmedabad,26.4
2024-09-04,Ahmedabad,25.9
2024-09-05,Ahmedabad,29.3
2024-09-06,Ahmedabad,27.1
2024-09-07,Ahmedabad,24.4
2024-09-08,Ahmedabad,27.4
2024-09-09,Ahmedabad,29.1
2024-09-10,Ahmedabad,27.2
2024-09-11,Ahmedabad,23.2
2024-09-12,Ahmedabad,24.5
2024-09-13,Ahmedabad,27.0
2024-09-14,Ahmedabad,23.8
2024-09-15,Ahmedabad,25.3
2024-09-16,Ahmedabad,25.6
2024-09-17,Ahmedabad,22.9
2024-09-18,Ahmedabad,24.0
2024-09-19,Ahmedabad,19.0
2024-09-20,Ahmedabad,22.1
2024-09-21,Ahmedabad,23.1
2024-09-22,Ahmedabad,21.4
2024-09-23,Ahmedabad,25.6
2024-09-24,Ahmedabad,20.8
2024-09-25,Ahmedabad,22.1
2024-09-26,Ahmedabad,22.8
2024-09-27,Ahmedabad,24.5
2024-09-28,Ahmedabad,20.0
2024-09-29,Ahmedabad,23.8
2024-09-30,Ahmedabad,21.8
2024-10-01,Ahmedabad,20.2
2024-10-02,Ahmedabad,22.2
2024-10-03,Ahmedabad,21.6
2024-10-04,Ahmedabad,20.2
2024-10-05,Ahmedabad,21.1
2024-10-06,Ahmedabad,20.2
2024-10-07,Ahmedabad,20.8
2024-10-08,Ahmedabad,21.5
2024-10-09,Ahmedabad,22.7
2024-10-10,Ahmedabad,18.3
2024-10-11,Ahmedabad,23.2
2024-10-12,Ahmedabad,16.9
2024-10-13,Ahmedabad,19.5
2024-10-14,Ahmedabad,20.4
2024-10-15,Ahmedabad,19.8
2024-10-16,Ahmedabad,18.3
2024-10-17,Ahmedabad,18.8
2024-10-18,Ahmedabad,18.3
2024-10-19,Ahmedabad,18.0
2024-10-20,Ahmedabad,20.0
2024-10-21,Ahmedabad,19.1
2024-10-22,Ahmedabad,17.4
2024-10-23,Ahmedabad,19.7
2024-10-24,Ahmedabad,18.7
2024-10-25,Ahmedabad,19.3
2024-10-26,Ahmedabad,18.9
2024-10-27,Ahmedabad,16.6
2024-10-28,Ahmedabad,16.9
2024-10-29,Ahmedabad,18.8
2024-10-30,Ahmedabad,18.5
2024-10-31,Ahmedabad,17.4
2024-11-01,Ahmedabad,17.5
2024-11-02,Ahmedabad,19.2
2024-11-03,Ahmedabad,16.3
2024-11-04,Ahmedabad,17.9
2024-11-05,Ahmedabad,16.7
2024-11-06,Ahmedabad,16.6
2024-11-07,Ahmedabad,18.5
2024-11-08,Ahmedabad,18.0
2024-11-09,Ahmedabad,17.9
2024-11-10,Ahmedabad,18.6
2024-11-11,Ahmedabad,16.6
2024-11-12,Ahmedabad,17.5
2024-11-13,Ahmedabad,16.0
2024-11-14,Ahmedabad,16.9
2024-11-15,Ahmedabad,16.1
2024-11-16,Ahmedabad,16.4
2024-11-17,Ahmedabad,17.1
2024-11-18,Ahmedabad,15.0
2024-11-19,Ahmedabad,19.3
2024-11-20,Ahmedabad,14.6
2024-11-21,Ahmedabad,14.3
2024-11-22,Ahmedabad,17.8
2024-11-23,Ahmedabad,17.3
2024-11-24,Ahmedabad,17.0
2024-11-25,Ahmedabad,17.0
2024-11-26,Ahmedabad,16.0
2024-11-27,Ahmedabad,14.7
2024-11-28,Ahmedabad,16.1
2024-11-29,Ahmedabad,15.0
2024-11-30,Ahmedabad,17.5
2024-12-01,Ahmedabad,15.8
2024-12-02,Ahmedabad,14.8
2024-12-03,Ahmedabad,15.5
2024-12-04,Ahmedabad,16.7
2024-12-05,Ahmedabad,15.2
2024-12-06,Ahmedabad,14.9
2024-12-07,Ahmedabad,16.5
2024-12-08,Ahmedabad,16.5
2024-12-09,Ahmedabad,15.4
2024-12-10,Ahmedabad,15.5
2024-12-11,Ahmedabad,16.6
2024-12-12,Ahmedabad,14.1
2024-12-13,Ahmedabad,14.2
2024-12-14,Ahmedabad,15.3
2024-12-15,Ahmedabad,16.1
2024-12-16,Ahmedabad,17.0
2024-12-17,Ahmedabad,18.8
2024-12-18,Ahmedabad,17.9
2024-12-19,Ahmedabad,16.5
2024-12-20,Ahmedabad,16.8
2024-12-21,Ahmedabad,15.4
2024-12-22,Ahmedabad,16.9
2024-12-23,Ahmedabad,16.6
2024-12-24,Ahmedabad,17.6
2024-12-25,Ahmedabad,15.9
2024-12-26,Ahmedabad,18.1
2024-12-27,Ahmedabad,19.7
2024-12-28,Ahmedabad,17.3
2024-12-29,Ahmedabad,18.2
2024-12-30,Ahmedabad,18.7
2024-12-31,Ahmedabad,17.2
2025-01-01,Ahmedabad,18.1
2025-01-02,Ahmedabad,17.9
2025-01-03,Ahmedabad,18.2
2025-01-04,Ahmedabad,17.0
2025-01-05,Ahmedabad,18.3
2025-01-06,Ahmedabad,19.1
2025-01-07,Ahmedabad,20.7
2025-01-08,Ahmedabad,20.1
2025-01-09,Ahmedabad,22.0
2025-01-10,Ahmedabad,17.8
2025-01-11,Ahmedabad,20.3
2025-01-12,Ahmedabad,19.5
2025-01-13,Ahmedabad,22.6
2025-01-14,Ahmedabad,18.3
2025-01-15,Ahmedabad,18.4
2025-01-16,Ahmedabad,18.9
2025-01-17,Ahmedabad,16.7
2025-01-18,Ahmedabad,19.3
2025-01-19,Ahmedabad,19.1
2025-01-20,Ahmedabad,20.6
2025-01-21,Ahmedabad,21.1
2025-01-22,Ahmedabad,23.5
2025-01-23,Ahmedabad,22.3
2025-01-24,Ahmedabad,20.2
2025-01-25,Ahmedabad,19.9
2025-01-26,Ahmedabad,22.1
2025-01-27,Ahmedabad,19.6
2025-01-28,Ahmedabad,24.5
2025-01-29,Ahmedabad,23.7
2025-01-30,Ahmedabad,21.4
2025-01-31,Ahmedabad,19.7
2025-02-01,Ahmedabad,24.5
2025-02-02,Ahmedabad,22.5
2025-02-03,Ahmedabad,24.7
2025-02-04,Ahmedabad,20.6
2025-02-05,Ahmedabad,22.3
2025-02-06,Ahmedabad,23.4
2025-02-07,Ahmedabad,23.6
2025-02-08,Ahmedabad,23.1
2025-02-09,Ahmedabad,24.9
2025-02-10,Ahmedabad,22.5
2025-02-11,Ahmedabad,24.1
2025-02-12,Ahmedabad,24.7
2025-02-13,Ahmedabad,25.5
2025-02-14,Ahmedabad,26.0
2025-02-15,Ahmedabad,23.5
2025-02-16,Ahmedabad,23.0
2025-02-17,Ahmedabad,27.5
2025-02-18,Ahmedabad,26.2
2025-02-19,Ahmedabad,24.8
2025-02-20,Ahmedabad,28.5
2025-02-21,Ahmedabad,26.5
2025-02-22,Ahmedabad,28.3
2025-02-23,Ahmedabad,26.9
2025-02-24,Ahmedabad,30.1
2025-02-25,Ahmedabad,29.8
2025-02-26,Ahmedabad,27.0
2025-02-27,Ahmedabad,29.0
2025-02-28,Ahmedabad,28.8
2025-03-01,Ahmedabad,30.1
2025-03-02,Ahmedabad,26.8
2025-03-03,Ahmedabad,29.4
2025-03-04,Ahmedabad,30.2
2025-03-05,Ahmedabad,26.2
2025-03-06,Ahmedabad,27.3
2025-03-07,Ahmedabad,26.2
2025-03-08,Ahmedabad,29.0
2025-03-09,Ahmedabad,30.7
2025-03-10,Ahmedabad,32.1
2025-03-11,Ahmedabad,30.2
2025-03-12,Ahmedabad,32.7
2025-03-13,Ahmedabad,28.4
2025-03-14,Ahmedabad,28.1
2025-03-15,Ahmedabad,30.8
2025-03-16,Ahmedabad,31.6
2025-03-17,Ahmedabad,31.2
2025-03-18,Ahmedabad,28.4
2025-03-19,Ahmedabad,31.5
2025-03-20,Ahmedabad,29.9
2025-03-21,Ahmedabad,33.1
2025-03-22,Ahmedabad,32.8
2025-03-23,Ahmedabad,31.0
2025-03-24,Ahmedabad,31.9
2025-03-25,Ahmedabad,31.2
2025-03-26,Ahmedabad,32.9
2025-03-27,Ahmedabad,34.6
2025-03-28,Ahmedabad,31.9
2025-03-29,Ahmedabad,34.3
2025-03-30,Ahmedabad,32.9
2025-03-31,Ahmedabad,32.7
2025-04-01,Ahmedabad,33.9
2025-04-02,Ahmedabad,32.7
2025-04-03,Ahmedabad,33.6
2025-04-04,Ahmedabad,32.8
2025-04-05,Ahmedabad,37.7
2025-04-06,Ahmedabad,35.0
2025-04-07,Ahmedabad,34.1
2025-04-08,Ahmedabad,35.6
2025-04-09,Ahmedabad,35.3
2025-04-10,Ahmedabad,35.3
2025-04-11,Ahmedabad,36.7
2025-04-12,Ahmedabad,37.1
2025-04-13,Ahmedabad,35.3
2025-04-14,Ahmedabad,35.4
2025-04-15,Ahmedabad,36.0
2025-04-16,Ahmedabad,33.1
2025-04-17,Ahmedabad,34.4
2025-04-18,Ahmedabad,38.9
2025-04-19,Ahmedabad,39.4
2025-04-20,Ahmedabad,36.7
2025-04-21,Ahmedabad,38.1
2025-04-22,Ahmedabad,37.8
2025-04-23,Ahmedabad,42.1
2025-04-24,Ahmedabad,39.3
2025-04-25,Ahmedabad,37.5
2025-04-26,Ahmedabad,36.4
2025-04-27,Ahmedabad,35.6
2025-04-28,Ahmedabad,38.4
2025-04-29,Ahmedabad,37.1
2025-04-30,Ahmedabad,36.2
2025-05-01,Ahmedabad,37.4
2025-05-02,Ahmedabad,36.9
2025-05-03,Ahmedabad,41.1
2025-05-04,Ahmedabad,40.0
2025-05-05,Ahmedabad,38.8
2025-05-06,Ahmedabad,41.1
2025-05-07,Ahmedabad,39.1
2025-05-08,Ahmedabad,37.8
2025-05-09,Ahmedabad,41.4
2025-05-10,Ahmedabad,40.0
2025-05-11,Ahmedabad,37.7
2025-05-12,Ahmedabad,39.1
2025-05-13,Ahmedabad,38.1
2025-05-14,Ahmedabad,37.4
