order_id,order_date,category,order_amount
OD100000,2024-01-01 00:00:00,Beauty,899
OD100001,2024-01-01 01:00:00,Fashion,899
OD100002,2024-01-01 02:00:00,Electronics,1299
OD100003,2024-01-01 03:00:00,Home,1299
OD100004,2024-01-01 04:00:00,Home,4999
OD100005,2024-01-01 05:00:00,Home,14999
OD100006,2024-01-01 06:00:00,Fashion,4999
OD100007,2024-01-01 07:00:00,Electronics,499
OD100008,2024-01-01 08:00:00,Beauty,499
OD100009,2024-01-01 09:00:00,Beauty,4999
OD100010,2024-01-01 10:00:00,Home,14999
OD100011,2024-01-01 11:00:00,Fashion,4999
OD100012,2024-01-01 12:00:00,Fashion,14999
OD100013,2024-01-01 13:00:00,Fashion,14999
OD100014,2024-01-01 14:00:00,Beauty,2499
OD100015,2024-01-01 15:00:00,Home,14999
OD100016,2024-01-01 16:00:00,Electronics,1299
OD100017,2024-01-01 17:00:00,Beauty,14999
OD100018,2024-01-01 18:00:00,Home,14999
OD100019,2024-01-01 19:00:00,Home,14999
OD100020,2024-01-01 20:00:00,Electronics,499
OD100021,2024-01-01 21:00:00,Electronics,1299
OD100022,2024-01-01 22:00:00,Electronics,1299
OD100023,2024-01-01 23:00:00,Fashion,4999
OD100024,2024-01-02 00:00:00,Electronics,2499
OD100025,2024-01-02 01:00:00,Home,14999
OD100026,2024-01-02 02:00:00,Electronics,899
OD100027,2024-01-02 03:00:00,Home,2499
OD100028,2024-01-02 04:00:00,Beauty,2499
OD100029,2024-01-02 05:00:00,Fashion,1299
OD100030,2024-01-02 06:00:00,Beauty,2499
OD100031,2024-01-02 07:00:00,Beauty,14999
OD100032,2024-01-02 08:00:00,Home,14999
OD100033,2024-01-02 09:00:00,Beauty,499
OD100034,2024-01-02 10:00:00,Home,14999
OD100035,2024-01-02 11:00:00,Electronics,14999
OD100036,2024-01-02 12:00:00,Electronics,1299
OD100037,2024-01-02 13:00:00,Home,14999
OD100038,2024-01-02 14:00:00,Electronics,499
OD100039,2024-01-02 15:00:00,Fashion,899
OD100040,2024-01-02 16:00:00,Beauty,1299
OD100041,2024-01-02 17:00:00,Fashion,899
OD100042,2024-01-02 18:00:00,Beauty,1299
OD100043,2024-01-02 19:00:00,Electronics,4999
OD100044,2024-01-02 20:00:00,Fashion,2499
OD100045,2024-01-02 21:00:00,Electronics,4999
OD100046,2024-01-02 22:00:00,Beauty,14999
OD100047,2024-01-02 23:00:00,Home,899
OD100048,2024-01-03 00:00:00,Home,14999
OD100049,2024-01-03 01:00:00,Fashion,2499
OD100050,2024-01-03 02:00:00,Electronics,1299
OD100051,2024-01-03 03:00:00,Electronics,2499
OD100052,2024-01-03 04:00:00,Fashion,499
OD100053,2024-01-03 05:00:00,Home,2499
OD100054,2024-01-03 06:00:00,Beauty,499
OD100055,2024-01-03 07:00:00,Fashion,2499
OD100056,2024-01-03 08:00:00,Beauty,499
OD100057,2024-01-03 09:00:00,Home,899
OD100058,2024-01-03 10:00:00,Electronics,14999
OD100059,2024-01-03 11:00:00,Home,14999
OD100060,2024-01-03 12:00:00,Fashion,4999
OD100061,2024-01-03 13:00:00,Electronics,14999
OD100062,2024-01-03 14:00:00,Fashion,1299
OD100063,2024-01-03 15:00:00,Fashion,2499
OD100064,2024-01-03 16:00:00,Home,4999
OD100065,2024-01-03 17:00:00,Fashion,1299
OD100066,2024-01-03 18:00:00,Home,1299
OD100067,2024-01-03 19:00:00,Electronics,499
OD100068,2024-01-03 20:00:00,Home,14999
OD100069,2024-01-03 21:00:00,Electronics,899
OD100070,2024-01-03 22:00:00,Home,899
OD100071,2024-01-03 23:00:00,Beauty,4999
OD100072,2024-01-04 00:00:00,Beauty,899
OD100073,2024-01-04 01:00:00,Fashion,2499
OD100074,2024-01-04 02:00:00,Home,899
OD100075,2024-01-04 03:00:00,Home,4999
OD100076,2024-01-04 04:00:00,Electronics,899
OD100077,2024-01-04 05:00:00,Fashion,2499
OD100078,2024-01-04 06:00:00,Home,499
OD100079,2024-01-04 07:00:00,Fashion,4999
OD100080,2024-01-04 08:00:00,Beauty,499
OD100081,2024-01-04 09:00:00,Home,499
OD100082,2024-01-04 10:00:00,Home,499
OD100083,2024-01-04 11:00:00,Fashion,1299
OD100084,2024-01-04 12:00:00,Home,14999
OD100085,2024-01-04 13:00:00,Fashion,1299
OD100086,2024-01-04 14:00:00,Home,14999
OD100087,2024-01-04 15:00:00,Electronics,499
OD100088,2024-01-04 16:00:00,Fashion,4999
OD100089,2024-01-04 17:00:00,Home,14999
OD100090,2024-01-04 18:00:00,Beauty,2499
OD100091,2024-01-04 19:00:00,Home,2499
OD100092,2024-01-04 20:00:00,Beauty,899
OD100093,2024-01-04 21:00:00,Beauty,14999
OD100094,2024-01-04 22:00:00,Electronics,4999
OD100095,2024-01-04 23:00:00,Fashion,1299
OD100096,2024-01-05 00:00:00,Home,499
OD100097,2024-01-05 01:00:00,Electronics,899
OD100098,2024-01-05 02:00:00,Home,2499
OD100099,2024-01-05 03:00:00,Beauty,1299
OD100100,2024-01-05 04:00:00,Fashion,1299
OD100101,2024-01-05 05:00:00,Home,499
OD100102,2024-01-05 06:00:00,Home,14999
OD100103,2024-01-05 07:00:00,Beauty,2499
OD100104,2024-01-05 08:00:00,Home,4999
OD100105,2024-01-05 09:00:00,Home,1299
OD100106,2024-01-05 10:00:00,Beauty,499
OD100107,2024-01-05 11:00:00,Electronics,4999
OD100108,2024-01-05 12:00:00,Beauty,14999
OD100109,2024-01-05 13:00:00,Electronics,2499
OD100110,2024-01-05 14:00:00,Fashion,14999
OD100111,2024-01-05 15:00:00,Electronics,1299
OD100112,2024-01-05 16:00:00,Electronics,4999
OD100113,2024-01-05 17:00:00,Fashion,4999
OD100114,2024-01-05 18:00:00,Electronics,4999
OD100115,2024-01-05 19:00:00,Beauty,1299
OD100116,2024-01-05 20:00:00,Electronics,1299
OD100117,2024-01-05 21:00:00,Fashion,14999
OD100118,2024-01-05 22:00:00,Beauty,899
OD100119,2024-01-05 23:00:00,Fashion,14999
OD100120,2024-01-06 00:00:00,Fashion,2499
OD100121,2024-01-06 01:00:00,Home,499
OD100122,2024-01-06 02:00:00,Home,4999
OD100123,2024-01-06 03:00:00,Fashion,899
OD100124,2024-01-06 04:00:00,Fashion,499
OD100125,2024-01-06 05:00:00,Fashion,899
OD100126,2024-01-06 06:00:00,Home,14999
OD100127,2024-01-06 07:00:00,Home,1299
OD100128,2024-01-06 08:00:00,Electronics,4999
OD100129,2024-01-06 09:00:00,Electronics,14999
OD100130,2024-01-06 10:00:00,Fashion,499
OD100131,2024-01-06 11:00:00,Beauty,499
OD100132,2024-01-06 12:00:00,Beauty,499
OD100133,2024-01-06 13:00:00,Home,499
OD100134,2024-01-06 14:00:00,Home,499
OD100135,2024-01-06 15:00:00,Home,899
OD100136,2024-01-06 16:00:00,Fashion,14999
OD100137,2024-01-06 17:00:00,Beauty,4999
OD100138,2024-01-06 18:00:00,Electronics,1299
OD100139,2024-01-06 19:00:00,Fashion,1299
OD100140,2024-01-06 20:00:00,Electronics,14999
OD100141,2024-01-06 21:00:00,Electronics,14999
OD100142,2024-01-06 22:00:00,Fashion,1299
OD100143,2024-01-06 23:00:00,Electronics,1299
OD100144,2024-01-07 00:00:00,Beauty,899
OD100145,2024-01-07 01:00:00,Electronics,2499
OD100146,2024-01-07 02:00:00,Beauty,4999
OD100147,2024-01-07 03:00:00,Beauty,499
OD100148,2024-01-07 04:00:00,Beauty,2499
OD100149,2024-01-07 05:00:00,Home,14999
OD100150,2024-01-07 06:00:00,Electronics,1299
OD100151,2024-01-07 07:00:00,Fashion,2499
OD100152,2024-01-07 08:00:00,Fashion,4999
OD100153,2024-01-07 09:00:00,Electronics,14999
OD100154,2024-01-07 10:00:00,Home,499
OD100155,2024-01-07 11:00:00,Home,499
OD100156,2024-01-07 12:00:00,Beauty,4999
OD100157,2024-01-07 13:00:00,Electronics,4999
OD100158,2024-01-07 14:00:00,Electronics,1299
OD100159,2024-01-07 15:00:00,Fashion,499
OD100160,2024-01-07 16:00:00,Electronics,14999
OD100161,2024-01-07 17:00:00,Home,2499
OD100162,2024-01-07 18:00:00,Electronics,14999
OD100163,2024-01-07 19:00:00,Fashion,899
OD100164,2024-01-07 20:00:00,Beauty,899
OD100165,2024-01-07 21:00:00,Fashion,4999
OD100166,2024-01-07 22:00:00,Fashion,1299
OD100167,2024-01-07 23:00:00,Beauty,899
OD100168,2024-01-08 00:00:00,Fashion,499
OD100169,2024-01-08 01:00:00,Fashion,14999
OD100170,2024-01-08 02:00:00,Electronics,14999
OD100171,2024-01-08 03:00:00,Electronics,4999
OD100172,2024-01-08 04:00:00,Beauty,2499
OD100173,2024-01-08 05:00:00,Electronics,4999
OD100174,2024-01-08 06:00:00,Electronics,2499
OD100175,2024-01-08 07:00:00,Fashion,4999
OD100176,2024-01-08 08:00:00,Home,4999
OD100177,2024-01-08 09:00:00,Electronics,4999
OD100178,2024-01-08 10:00:00,Home,2499
OD100179,2024-01-08 11:00:00,Electronics,2499
OD100180,2024-01-08 12:00:00,Electronics,4999
OD100181,2024-01-08 13:00:00,Beauty,899
OD100182,2024-01-08 14:00:00,Beauty,1299
OD100183,2024-01-08 15:00:00,Beauty,1299
OD100184,2024-01-08 16:00:00,Home,1299
OD100185,2024-01-08 17:00:00,Fashion,2499
OD100186,2024-01-08 18:00:00,Electronics,2499
OD100187,2024-01-08 19:00:00,Electronics,899
OD100188,2024-01-08 20:00:00,Electronics,1299
OD100189,2024-01-08 21:00:00,Home,1299
OD100190,2024-01-08 22:00:00,Beauty,4999
OD100191,2024-01-08 23:00:00,Fashion,2499
OD100192,2024-01-09 00:00:00,Home,1299
OD100193,2024-01-09 01:00:00,Beauty,14999
OD100194,2024-01-09 02:00:00,Home,899
OD100195,2024-01-09 03:00:00,Fashion,14999
OD100196,2024-01-09 04:00:00,Beauty,14999
OD100197,2024-01-09 05:00:00,Home,899
OD100198,2024-01-09 06:00:00,Fashion,14999
OD100199,2024-01-09 07:00:00,Electronics,1299
OD100200,2024-01-09 08:00:00,Fashion,2499
OD100201,2024-01-09 09:00:00,Electronics,899
OD100202,2024-01-09 10:00:00,Home,4999
OD100203,2024-01-09 11:00:00,Beauty,14999
OD100204,2024-01-09 12:00:00,Beauty,899
OD100205,2024-01-09 13:00:00,Home,499
OD100206,2024-01-09 14:00:00,Beauty,499
OD100207,2024-01-09 15:00:00,Beauty,2499
OD100208,2024-01-09 16:00:00,Electronics,1299
OD100209,2024-01-09 17:00:00,Home,2499
OD100210,2024-01-09 18:00:00,Fashion,2499
OD100211,2024-01-09 19:00:00,Electronics,2499
OD100212,2024-01-09 20:00:00,Home,2499
OD100213,2024-01-09 21:00:00,Electronics,4999
OD100214,2024-01-09 22:00:00,Fashion,4999
OD100215,2024-01-09 23:00:00,Fashion,899
OD100216,2024-01-10 00:00:00,Home,499
OD100217,2024-01-10 01:00:00,Fashion,2499
OD100218,2024-01-10 02:00:00,Electronics,899
OD100219,2024-01-10 03:00:00,Fashion,499
OD100220,2024-01-10 04:00:00,Electronics,14999
OD100221,2024-01-10 05:00:00,Electronics,1299
OD100222,2024-01-10 06:00:00,Fashion,4999
OD100223,2024-01-10 07:00:00,Home,14999
OD100224,2024-01-10 08:00:00,Beauty,499
OD100225,2024-01-10 09:00:00,Fashion,14999
OD100226,2024-01-10 10:00:00,Electronics,1299
OD100227,2024-01-10 11:00:00,Electronics,499
OD100228,2024-01-10 12:00:00,Fashion,14999
OD100229,2024-01-10 13:00:00,Home,4999
OD100230,2024-01-10 14:00:00,Home,4999
OD100231,2024-01-10 15:00:00,Electronics,899
OD100232,2024-01-10 16:00:00,Electronics,14999
OD100233,2024-01-10 17:00:00,Home,2499
OD100234,2024-01-10 18:00:00,Beauty,14999
OD100235,2024-01-10 19:00:00,Fashion,499
OD100236,2024-01-10 20:00:00,Electronics,499
OD100237,2024-01-10 21:00:00,Electronics,14999
OD100238,2024-01-10 22:00:00,Home,1299
OD100239,2024-01-10 23:00:00,Fashion,4999
OD100240,2024-01-11 00:00:00,Home,499
OD100241,2024-01-11 01:00:00,Fashion,4999
OD100242,2024-01-11 02:00:00,Fashion,499
OD100243,2024-01-11 03:00:00,Fashion,899
OD100244,2024-01-11 04:00:00,Electronics,2499
OD100245,2024-01-11 05:00:00,Beauty,499
OD100246,2024-01-11 06:00:00,Home,4999
OD100247,2024-01-11 07:00:00,Beauty,899
OD100248,2024-01-11 08:00:00,Home,499
OD100249,2024-01-11 09:00:00,Fashion,1299
OD100250,2024-01-11 10:00:00,Electronics,2499
OD100251,2024-01-11 11:00:00,Beauty,499
OD100252,2024-01-11 12:00:00,Electronics,899
OD100253,2024-01-11 13:00:00,Home,1299
OD100254,2024-01-11 14:00:00,Electronics,14999
OD100255,2024-01-11 15:00:00,Electronics,899
OD100256,2024-01-11 16:00:00,Beauty,899
OD100257,2024-01-11 17:00:00,Fashion,1299
OD100258,2024-01-11 18:00:00,Electronics,899
OD100259,2024-01-11 19:00:00,Fashion,1299
OD100260,2024-01-11 20:00:00,Home,499
OD100261,2024-01-11 21:00:00,Electronics,1299
OD100262,2024-01-11 22:00:00,Beauty,1299
OD100263,2024-01-11 23:00:00,Home,2499
OD100264,2024-01-12 00:00:00,Home,1299
OD100265,2024-01-12 01:00:00,Beauty,1299
OD100266,2024-01-12 02:00:00,Electronics,14999
OD100267,2024-01-12 03:00:00,Electronics,499
OD100268,2024-01-12 04:00:00,Home,2499
OD100269,2024-01-12 05:00:00,Electronics,14999
OD100270,2024-01-12 06:00:00,Fashion,4999
OD100271,2024-01-12 07:00:00,Beauty,499
OD100272,2024-01-12 08:00:00,Fashion,499
OD100273,2024-01-12 09:00:00,Electronics,4999
OD100274,2024-01-12 10:00:00,Home,1299
OD100275,2024-01-12 11:00:00,Beauty,14999
OD100276,2024-01-12 12:00:00,Electronics,899
OD100277,2024-01-12 13:00:00,Electronics,2499
OD100278,2024-01-12 14:00:00,Home,899
OD100279,2024-01-12 15:00:00,Home,4999
OD100280,2024-01-12 16:00:00,Fashion,499
OD100281,2024-01-12 17:00:00,Beauty,499
OD100282,2024-01-12 18:00:00,Beauty,2499
OD100283,2024-01-12 19:00:00,Home,499
OD100284,2024-01-12 20:00:00,Fashion,499
OD100285,2024-01-12 21:00:00,Beauty,2499
OD100286,2024-01-12 22:00:00,Home,14999
OD100287,2024-01-12 23:00:00,Electronics,14999
OD100288,2024-01-13 00:00:00,Beauty,2499
OD100289,2024-01-13 01:00:00,Fashion,4999
OD100290,2024-01-13 02:00:00,Fashion,499
OD100291,2024-01-13 03:00:00,Fashion,499
OD100292,2024-01-13 04:00:00,Electronics,4999
OD100293,2024-01-13 05:00:00,Beauty,14999
OD100294,2024-01-13 06:00:00,Beauty,1299
OD100295,2024-01-13 07:00:00,Electronics,1299
OD100296,2024-01-13 08:00:00,Beauty,1299
OD100297,2024-01-13 09:00:00,Electronics,14999
OD100298,2024-01-13 10:00:00,Electronics,14999
OD100299,2024-01-13 11:00:00,Electronics,4999
OD100300,2024-01-13 12:00:00,Fashion,499
OD100301,2024-01-13 13:00:00,Beauty,4999
OD100302,2024-01-13 14:00:00,Electronics,4999
OD100303,2024-01-13 15:00:00,Beauty,14999
OD100304,2024-01-13 16:00:00,Fashion,1299
OD100305,2024-01-13 17:00:00,Electronics,899
OD100306,2024-01-13 18:00:00,Home,499
OD100307,2024-01-13 19:00:00,Fashion,14999
OD100308,2024-01-13 20:00:00,Home,1299
OD100309,2024-01-13 21:00:00,Beauty,899
OD100310,2024-01-13 22:00:00,Beauty,899
OD100311,2024-01-13 23:00:00,Fashion,14999
OD100312,2024-01-14 00:00:00,Beauty,2499
OD100313,2024-01-14 01:00:00,Home,499
OD100314,2024-01-14 02:00:00,Electronics,899
OD100315,2024-01-14 03:00:00,Electronics,14999
OD100316,2024-01-14 04:00:00,Electronics,14999
OD100317,2024-01-14 05:00:00,Fashion,1299
OD100318,2024-01-14 06:00:00,Beauty,2499
OD100319,2024-01-14 07:00:00,Home,499
OD100320,2024-01-14 08:00:00,Beauty,4999
OD100321,2024-01-14 09:00:00,Beauty,1299
OD100322,2024-01-14 10:00:00,Beauty,899
OD100323,2024-01-14 11:00:00,Electronics,899
OD100324,2024-01-14 12:00:00,Home,1299
OD100325,2024-01-14 13:00:00,Home,14999
OD100326,2024-01-14 14:00:00,Beauty,899
OD100327,2024-01-14 15:00:00,Electronics,2499
OD100328,2024-01-14 16:00:00,Electronics,499
OD100329,2024-01-14 17:00:00,Home,2499
OD100330,2024-01-14 18:00:00,Electronics,899
OD100331,2024-01-14 19:00:00,Electronics,4999
OD100332,2024-01-14 20:00:00,Electronics,499
OD100333,2024-01-14 21:00:00,Fashion,499
OD100334,2024-01-14 22:00:00,Beauty,1299
OD100335,2024-01-14 23:00:00,Home,1299
OD100336,2024-01-15 00:00:00,Home,4999
OD100337,2024-01-15 01:00:00,Fashion,14999
OD100338,2024-01-15 02:00:00,Beauty,499
OD100339,2024-01-15 03:00:00,Home,4999
OD100340,2024-01-15 04:00:00,Electronics,1299
OD100341,2024-01-15 05:00:00,Home,1299
OD100342,2024-01-15 06:00:00,Electronics,499
OD100343,2024-01-15 07:00:00,Fashion,2499
OD100344,2024-01-15 08:00:00,Electronics,899
OD100345,2024-01-15 09:00:00,Home,1299
OD100346,2024-01-15 10:00:00,Home,14999
OD100347,2024-01-15 11:00:00,Home,14999
OD100348,2024-01-15 12:00:00,Fashion,1299
OD100349,2024-01-15 13:00:00,Fashion,2499
OD100350,2024-01-15 14:00:00,Beauty,2499
OD100351,2024-01-15 15:00:00,Home,4999
OD100352,2024-01-15 16:00:00,Electronics,14999
OD100353,2024-01-15 17:00:00,Fashion,4999
OD100354,2024-01-15 18:00:00,Home,14999
OD100355,2024-01-15 19:00:00,Home,899
OD100356,2024-01-15 20:00:00,Fashion,899
OD100357,2024-01-15 21:00:00,Beauty,499
OD100358,2024-01-15 22:00:00,Fashion,4999
OD100359,2024-01-15 23:00:00,Fashion,1299
OD100360,2024-01-16 00:00:00,Electronics,4999
OD100361,2024-01-16 01:00:00,Electronics,1299
OD100362,2024-01-16 02:00:00,Beauty,2499
OD100363,2024-01-16 03:00:00,Home,4999
OD100364,2024-01-16 04:00:00,Fashion,2499
OD100365,2024-01-16 05:00:00,Beauty,899
OD100366,2024-01-16 06:00:00,Electronics,899
OD100367,2024-01-16 07:00:00,Fashion,499
OD100368,2024-01-16 08:00:00,Home,4999
OD100369,2024-01-16 09:00:00,Electronics,2499
OD100370,2024-01-16 10:00:00,Electronics,1299
OD100371,2024-01-16 11:00:00,Electronics,899
OD100372,2024-01-16 12:00:00,Beauty,899
OD100373,2024-01-16 13:00:00,Home,1299
OD100374,2024-01-16 14:00:00,Fashion,2499
OD100375,2024-01-16 15:00:00,Beauty,2499
OD100376,2024-01-16 16:00:00,Beauty,4999
OD100377,2024-01-16 17:00:00,Beauty,4999
OD100378,2024-01-16 18:00:00,Electronics,14999
OD100379,2024-01-16 19:00:00,Home,14999
OD100380,2024-01-16 20:00:00,Beauty,499
OD100381,2024-01-16 21:00:00,Fashion,899
OD100382,2024-01-16 22:00:00,Home,4999
OD100383,2024-01-16 23:00:00,Fashion,2499
OD100384,2024-01-17 00:00:00,Home,1299
OD100385,2024-01-17 01:00:00,Fashion,2499
OD100386,2024-01-17 02:00:00,Electronics,899
OD100387,2024-01-17 03:00:00,Beauty,14999
OD100388,2024-01-17 04:00:00,Fashion,2499
OD100389,2024-01-17 05:00:00,Home,499
OD100390,2024-01-17 06:00:00,Beauty,899
OD100391,2024-01-17 07:00:00,Beauty,14999
OD100392,2024-01-17 08:00:00,Home,1299
OD100393,2024-01-17 09:00:00,Fashion,14999
OD100394,2024-01-17 10:00:00,Electronics,499
OD100395,2024-01-17 11:00:00,Electronics,899
OD100396,2024-01-17 12:00:00,Fashion,1299
OD100397,2024-01-17 13:00:00,Beauty,499
OD100398,2024-01-17 14:00:00,Beauty,14999
OD100399,2024-01-17 15:00:00,Beauty,499
OD100400,2024-01-17 16:00:00,Beauty,899
OD100401,2024-01-17 17:00:00,Fashion,4999
OD100402,2024-01-17 18:00:00,Beauty,499
OD100403,2024-01-17 19:00:00,Home,499
OD100404,2024-01-17 20:00:00,Beauty,14999
OD100405,2024-01-17 21:00:00,Electronics,14999
OD100406,2024-01-17 22:00:00,Beauty,1299
OD100407,2024-01-17 23:00:00,Fashion,14999
OD100408,2024-01-18 00:00:00,Electronics,2499
OD100409,2024-01-18 01:00:00,Fashion,899
OD100410,2024-01-18 02:00:00,Fashion,899
OD100411,2024-01-18 03:00:00,Electronics,4999
OD100412,2024-01-18 04:00:00,Fashion,4999
OD100413,2024-01-18 05:00:00,Fashion,899
OD100414,2024-01-18 06:00:00,Beauty,4999
OD100415,2024-01-18 07:00:00,Home,1299
OD100416,2024-01-18 08:00:00,Fashion,14999
OD100417,2024-01-18 09:00:00,Fashion,899
OD100418,2024-01-18 10:00:00,Fashion,4999
OD100419,2024-01-18 11:00:00,Beauty,899
OD100420,2024-01-18 12:00:00,Home,2499
OD100421,2024-01-18 13:00:00,Electronics,499
OD100422,2024-01-18 14:00:00,Beauty,14999
OD100423,2024-01-18 15:00:00,Beauty,899
OD100424,2024-01-18 16:00:00,Home,499
OD100425,2024-01-18 17:00:00,Home,4999
OD100426,2024-01-18 18:00:00,Beauty,499
OD100427,2024-01-18 19:00:00,Electronics,14999
OD100428,2024-01-18 20:00:00,Beauty,899
OD100429,2024-01-18 21:00:00,Home,2499
OD100430,2024-01-18 22:00:00,Electronics,4999
OD100431,2024-01-18 23:00:00,Home,899
OD100432,2024-01-19 00:00:00,Electronics,14999
OD100433,2024-01-19 01:00:00,Fashion,4999
OD100434,2024-01-19 02:00:00,Home,1299
OD100435,2024-01-19 03:00:00,Home,499
OD100436,2024-01-19 04:00:00,Beauty,14999
OD100437,2024-01-19 05:00:00,Home,1299
OD100438,2024-01-19 06:00:00,Home,899
OD100439,2024-01-19 07:00:00,Fashion,2499
OD100440,2024-01-19 08:00:00,Home,4999
OD100441,2024-01-19 09:00:00,Fashion,499
OD100442,2024-01-19 10:00:00,Fashion,4999
OD100443,2024-01-19 11:00:00,Fashion,899
OD100444,2024-01-19 12:00:00,Fashion,4999
OD100445,2024-01-19 13:00:00,Electronics,499
OD100446,2024-01-19 14:00:00,Beauty,899
OD100447,2024-01-19 15:00:00,Electronics,4999
OD100448,2024-01-19 16:00:00,Home,2499
OD100449,2024-01-19 17:00:00,Electronics,14999
OD100450,2024-01-19 18:00:00,Electronics,899
OD100451,2024-01-19 19:00:00,Home,14999
OD100452,2024-01-19 20:00:00,Home,899
OD100453,2024-01-19 21:00:00,Home,2499
OD100454,2024-01-19 22:00:00,Electronics,14999
OD100455,2024-01-19 23:00:00,Electronics,1299
OD100456,2024-01-20 00:00:00,Home,499
OD100457,2024-01-20 01:00:00,Beauty,1299
OD100458,2024-01-20 02:00:00,Beauty,4999
OD100459,2024-01-20 03:00:00,Fashion,2499
OD100460,2024-01-20 04:00:00,Home,1299
OD100461,2024-01-20 05:00:00,Fashion,899
OD100462,2024-01-20 06:00:00,Beauty,4999
OD100463,2024-01-20 07:00:00,Fashion,4999
OD100464,2024-01-20 08:00:00,Home,1299
OD100465,2024-01-20 09:00:00,Home,1299
OD100466,2024-01-20 10:00:00,Home,2499
OD100467,2024-01-20 11:00:00,Electronics,499
OD100468,2024-01-20 12:00:00,Fashion,1299
OD100469,2024-01-20 13:00:00,Beauty,1299
OD100470,2024-01-20 14:00:00,Beauty,14999
OD100471,2024-01-20 15:00:00,Beauty,899
OD100472,2024-01-20 16:00:00,Electronics,14999
OD100473,2024-01-20 17:00:00,Electronics,14999
OD100474,2024-01-20 18:00:00,Home,4999
OD100475,2024-01-20 19:00:00,Beauty,499
OD100476,2024-01-20 20:00:00,Electronics,899
OD100477,2024-01-20 21:00:00,Home,2499
OD100478,2024-01-20 22:00:00,Beauty,2499
OD100479,2024-01-20 23:00:00,Fashion,1299
OD100480,2024-01-21 00:00:00,Home,1299
OD100481,2024-01-21 01:00:00,Electronics,2499
OD100482,2024-01-21 02:00:00,Electronics,1299
OD100483,2024-01-21 03:00:00,Home,499
OD100484,2024-01-21 04:00:00,Home,14999
OD100485,2024-01-21 05:00:00,Electronics,1299
OD100486,2024-01-21 06:00:00,Fashion,4999
OD100487,2024-01-21 07:00:00,Beauty,1299
OD100488,2024-01-21 08:00:00,Fashion,899
OD100489,2024-01-21 09:00:00,Home,499
OD100490,2024-01-21 10:00:00,Fashion,899
OD100491,2024-01-21 11:00:00,Electronics,899
OD100492,2024-01-21 12:00:00,Home,4999
OD100493,2024-01-21 13:00:00,Beauty,499
OD100494,2024-01-21 14:00:00,Electronics,499
OD100495,2024-01-21 15:00:00,Electronics,499
OD100496,2024-01-21 16:00:00,Beauty,499
OD100497,2024-01-21 17:00:00,Beauty,499
OD100498,2024-01-21 18:00:00,Fashion,4999
OD100499,2024-01-21 19:00:00,Home,1299
