movie_id,movie_name,user_ratings
MOV_001,Feature Film 1,12.2
MOV_002,Feature Film 2,7.6
MOV_003,Feature Film 3,7.5
MOV_004,Feature Film 4,7.5
MOV_005,Feature Film 5,7.6
MOV_006,Feature Film 6,8.3
MOV_007,Feature Film 7,8.9
MOV_008,Feature Film 8,8.1
MOV_009,Feature Film 9,7.0
MOV_010,Feature Film 10,7.4
MOV_011,Feature Film 11,8.7
MOV_012,Feature Film 12,7.5
MOV_013,Feature Film 13,8.1
MOV_014,Feature Film 14,8.8
MOV_015,Feature Film 15,8.1
MOV_016,Feature Film 16,6.8
MOV_017,Feature Film 17,8.3
MOV_018,Feature Film 18,7.3
MOV_019,Feature Film 19,7.3
MOV_020,Feature Film 20,7.7
MOV_021,Feature Film 21,9.2
MOV_022,Feature Film 22,6.7
MOV_023,Feature Film 23,6.8
MOV_024,Feature Film 24,5.5
MOV_025,Feature Film 25,6.6
MOV_026,Feature Film 26,7.6
MOV_027,Feature Film 27,8.5
MOV_028,Feature Film 28,8.1
MOV_029,Feature Film 29,8.1
MOV_030,Feature Film 30,8.1
MOV_031,Feature Film 31,7.0
MOV_032,Feature Film 32,6.9
MOV_033,Feature Film 33,8.8
MOV_034,Feature Film 34,8.3
MOV_035,Feature Film 35,7.9
MOV_036,Feature Film 36,7.0
MOV_037,Feature Film 37,7.1
MOV_038,Feature Film 38,6.9
MOV_039,Feature Film 39,7.0
MOV_040,Feature Film 40,6.9
MOV_041,Feature Film 41,8.0
MOV_042,Feature Film 42,7.6
MOV_043,Feature Film 43,7.9
MOV_044,Feature Film 44,2.2
MOV_045,Feature Film 45,7.5
MOV_046,Feature Film 46,7.7
MOV_047,Feature Film 47,8.2
MOV_048,Feature Film 48,7.4
MOV_049,Feature Film 49,8.2
MOV_050,Feature Film 50,7.7
MOV_051,Feature Film 51,9.5
MOV_052,Feature Film 52,7.4
MOV_053,Feature Film 53,7.6
MOV_054,Feature Film 54,7.2
MOV_055,Feature Film 55,8.6
MOV_056,Feature Film 56,6.4
MOV_057,Feature Film 57,7.7
MOV_058,Feature Film 58,7.0
MOV_059,Feature Film 59,7.2
MOV_060,Feature Film 60,7.7
MOV_061,Feature Film 61,7.9
MOV_062,Feature Film 62,9.8
MOV_063,Feature Film 63,7.2
MOV_064,Feature Film 64,8.1
MOV_065,Feature Film 65,7.9
MOV_066,Feature Film 66,8.6
MOV_067,Feature Film 67,7.5
MOV_068,Feature Film 68,9.1
MOV_069,Feature Film 69,7.4
MOV_070,Feature Film 70,8.0
MOV_071,Feature Film 71,6.7
MOV_072,Feature Film 72,7.1
MOV_073,Feature Film 73,7.6
MOV_074,Feature Film 74,8.4
MOV_075,Feature Film 75,2.1
MOV_076,Feature Film 76,6.9
MOV_077,Feature Film 77,8.6
MOV_078,Feature Film 78,8.7
MOV_079,Feature Film 79,7.1
MOV_080,Feature Film 80,6.8
MOV_081,Feature Film 81,7.2
MOV_082,Feature Film 82,8.4
MOV_083,Feature Film 83,8.6
MOV_084,Feature Film 84,8.6
MOV_085,Feature Film 85,6.4
MOV_086,Feature Film 86,8.3
MOV_087,Feature Film 87,1.9
MOV_088,Feature Film 88,8.0
MOV_089,Feature Film 89,6.9
MOV_090,Feature Film 90,8.2
MOV_091,Feature Film 91,7.3
MOV_092,Feature Film 92,7.8
MOV_093,Feature Film 93,8.3
MOV_094,Feature Film 94,7.8
MOV_095,Feature Film 95,8.0
MOV_096,Feature Film 96,7.2
MOV_097,Feature Film 97,7.2
MOV_098,Feature Film 98,7.5
MOV_099,Feature Film 99,7.2
MOV_100,Feature Film 100,6.3
MOV_101,Feature Film 101,8.1
MOV_102,Feature Film 102,7.4
MOV_103,Feature Film 103,9.2
MOV_104,Feature Film 104,8.2
MOV_105,Feature Film 105,7.6
MOV_106,Feature Film 106,9.3
MOV_107,Feature Film 107,8.4
MOV_108,Feature Film 108,7.7
MOV_109,Feature Film 109,6.2
MOV_110,Feature Film 110,7.5
MOV_111,Feature Film 111,8.5
MOV_112,Feature Film 112,8.0
MOV_113,Feature Film 113,3.0
MOV_114,Feature Film 114,7.9
MOV_115,Feature Film 115,7.5
MOV_116,Feature Film 116,8.4
MOV_117,Feature Film 117,8.5
MOV_118,Feature Film 118,7.2
MOV_119,Feature Film 119,5.9
MOV_120,Feature Film 120,8.4
MOV_121,Feature Film 121,6.4
MOV_122,Feature Film 122,8.0
MOV_123,Feature Film 123,8.0
MOV_124,Feature Film 124,7.1
MOV_125,Feature Film 125,1.7
MOV_126,Feature Film 126,7.5
MOV_127,Feature Film 127,9.6
MOV_128,Feature Film 128,7.0
MOV_129,Feature Film 129,9.3
MOV_130,Feature Film 130,9.3
MOV_131,Feature Film 131,7.2
MOV_132,Feature Film 132,7.8
MOV_133,Feature Film 133,8.1
MOV_134,Feature Film 134,7.4
MOV_135,Feature Film 135,9.0
MOV_136,Feature Film 136,7.8
MOV_137,Feature Film 137,7.7
MOV_138,Feature Film 138,5.0
MOV_139,Feature Film 139,6.9
MOV_140,Feature Film 140,6.6
MOV_141,Feature Film 141,5.8
MOV_142,Feature Film 142,6.4
MOV_143,Feature Film 143,8.2
MOV_144,Feature Film 144,7.8
MOV_145,Feature Film 145,6.8
MOV_146,Feature Film 146,7.9
MOV_147,Feature Film 147,3.0
MOV_148,Feature Film 148,7.5
MOV_149,Feature Film 149,7.5
MOV_150,Feature Film 150,8.3
MOV_151,Feature Film 151,7.2
MOV_152,Feature Film 152,8.7
MOV_153,Feature Film 153,7.8
MOV_154,Feature Film 154,2.2
MOV_155,Feature Film 155,7.6
MOV_156,Feature Film 156,6.4
MOV_157,Feature Film 157,6.3
MOV_158,Feature Film 158,7.6
MOV_159,Feature Film 159,8.9
MOV_160,Feature Film 160,6.8
MOV_161,Feature Film 161,7.2
MOV_162,Feature Film 162,7.8
MOV_163,Feature Film 163,9.0
MOV_164,Feature Film 164,8.4
MOV_165,Feature Film 165,6.6
MOV_166,Feature Film 166,7.6
MOV_167,Feature Film 167,7.4
MOV_168,Feature Film 168,8.0
MOV_169,Feature Film 169,7.8
MOV_170,Feature Film 170,7.0
MOV_171,Feature Film 171,7.6
MOV_172,Feature Film 172,8.1
MOV_173,Feature Film 173,7.7
MOV_174,Feature Film 174,6.5
MOV_175,Feature Film 175,7.9
MOV_176,Feature Film 176,9.0
MOV_177,Feature Film 177,6.6
MOV_178,Feature Film 178,8.9
MOV_179,Feature Film 179,6.5
MOV_180,Feature Film 180,8.1
MOV_181,Feature Film 181,7.6
MOV_182,Feature Film 182,7.3
MOV_183,Feature Film 183,7.4
MOV_184,Feature Film 184,7.4
MOV_185,Feature Film 185,7.4
MOV_186,Feature Film 186,7.4
MOV_187,Feature Film 187,8.6
MOV_188,Feature Film 188,8.3
MOV_189,Feature Film 189,7.5
MOV_190,Feature Film 190,7.4
MOV_191,Feature Film 191,6.7
MOV_192,Feature Film 192,7.2
MOV_193,Feature Film 193,7.3
MOV_194,Feature Film 194,8.7
MOV_195,Feature Film 195,7.7
MOV_196,Feature Film 196,7.8
MOV_197,Feature Film 197,8.0
MOV_198,Feature Film 198,7.3
MOV_199,Feature Film 199,1.8
MOV_200,Feature Film 200,7.6
MOV_201,Feature Film 201,9.2
MOV_202,Feature Film 202,7.5
MOV_203,Feature Film 203,8.5
MOV_204,Feature Film 204,8.0
MOV_205,Feature Film 205,8.0
MOV_206,Feature Film 206,7.3
MOV_207,Feature Film 207,6.9
MOV_208,Feature Film 208,8.7
MOV_209,Feature Film 209,8.2
MOV_210,Feature Film 210,9.3
MOV_211,Feature Film 211,8.3
MOV_212,Feature Film 212,7.8
MOV_213,Feature Film 213,7.4
MOV_214,Feature Film 214,8.3
MOV_215,Feature Film 215,7.3
MOV_216,Feature Film 216,9.0
MOV_217,Feature Film 217,8.0
MOV_218,Feature Film 218,7.3
MOV_219,Feature Film 219,7.7
MOV_220,Feature Film 220,6.8
MOV_221,Feature Film 221,7.5
MOV_222,Feature Film 222,7.1
MOV_223,Feature Film 223,8.5
MOV_224,Feature Film 224,12.4
MOV_225,Feature Film 225,13.3
MOV_226,Feature Film 226,8.4
MOV_227,Feature Film 227,8.0
MOV_228,Feature Film 228,8.0
MOV_229,Feature Film 229,2.1
MOV_230,Feature Film 230,8.4
MOV_231,Feature Film 231,6.8
MOV_232,Feature Film 232,7.4
MOV_233,Feature Film 233,7.2
MOV_234,Feature Film 234,9.3
MOV_235,Feature Film 235,7.2
MOV_236,Feature Film 236,7.7
MOV_237,Feature Film 237,7.6
MOV_238,Feature Film 238,7.6
MOV_239,Feature Film 239,7.9
MOV_240,Feature Film 240,8.3
MOV_241,Feature Film 241,9.2
MOV_242,Feature Film 242,8.5
MOV_243,Feature Film 243,8.3
MOV_244,Feature Film 244,7.1
MOV_245,Feature Film 245,8.8
MOV_246,Feature Film 246,8.7
MOV_247,Feature Film 247,7.5
MOV_248,Feature Film 248,9.3
MOV_249,Feature Film 249,8.0
MOV_250,Feature Film 250,8.6
MOV_251,Feature Film 251,7.3
MOV_252,Feature Film 252,8.2
MOV_253,Feature Film 253,7.8
MOV_254,Feature Film 254,6.4
MOV_255,Feature Film 255,7.1
MOV_256,Feature Film 256,7.3
MOV_257,Feature Film 257,7.0
MOV_258,Feature Film 258,7.2
MOV_259,Feature Film 259,7.1
MOV_260,Feature Film 260,7.9
MOV_261,Feature Film 261,7.9
MOV_262,Feature Film 262,7.4
MOV_263,Feature Film 263,7.4
MOV_264,Feature Film 264,9.3
MOV_265,Feature Film 265,8.0
MOV_266,Feature Film 266,8.4
MOV_267,Feature Film 267,6.9
MOV_268,Feature Film 268,8.9
MOV_269,Feature Film 269,7.3
MOV_270,Feature Film 270,7.7
MOV_271,Feature Film 271,8.4
MOV_272,Feature Film 272,8.3
MOV_273,Feature Film 273,7.5
MOV_274,Feature Film 274,8.5
MOV_275,Feature Film 275,7.2
MOV_276,Feature Film 276,9.2
MOV_277,Feature Film 277,7.7
MOV_278,Feature Film 278,8.2
MOV_279,Feature Film 279,6.9
MOV_280,Feature Film 280,8.9
MOV_281,Feature Film 281,8.5
MOV_282,Feature Film 282,9.2
MOV_283,Feature Film 283,8.2
MOV_284,Feature Film 284,8.1
MOV_285,Feature Film 285,7.9
MOV_286,Feature Film 286,13.0
MOV_287,Feature Film 287,8.0
MOV_288,Feature Film 288,7.6
MOV_289,Feature Film 289,7.5
MOV_290,Feature Film 290,7.5
MOV_291,Feature Film 291,7.6
MOV_292,Feature Film 292,7.1
MOV_293,Feature Film 293,8.6
MOV_294,Feature Film 294,9.0
MOV_295,Feature Film 295,9.4
MOV_296,Feature Film 296,8.9
MOV_297,Feature Film 297,8.9
MOV_298,Feature Film 298,9.2
MOV_299,Feature Film 299,7.8
MOV_300,Feature Film 300,7.7
MOV_301,Feature Film 301,8.0
MOV_302,Feature Film 302,7.8
MOV_303,Feature Film 303,8.0
MOV_304,Feature Film 304,3.1
MOV_305,Feature Film 305,7.6
MOV_306,Feature Film 306,6.9
MOV_307,Feature Film 307,7.4
MOV_308,Feature Film 308,7.3
MOV_309,Feature Film 309,8.3
MOV_310,Feature Film 310,8.9
MOV_311,Feature Film 311,7.5
MOV_312,Feature Film 312,6.8
MOV_313,Feature Film 313,8.3
MOV_314,Feature Film 314,9.1
MOV_315,Feature Film 315,12.5
MOV_316,Feature Film 316,8.4
MOV_317,Feature Film 317,8.5
MOV_318,Feature Film 318,6.7
MOV_319,Feature Film 319,7.8
MOV_320,Feature Film 320,8.2
MOV_321,Feature Film 321,8.8
MOV_322,Feature Film 322,8.8
MOV_323,Feature Film 323,7.9
MOV_324,Feature Film 324,7.6
MOV_325,Feature Film 325,9.0
MOV_326,Feature Film 326,7.6
MOV_327,Feature Film 327,7.6
MOV_328,Feature Film 328,8.3
MOV_329,Feature Film 329,7.5
MOV_330,Feature Film 330,8.2
MOV_331,Feature Film 331,7.5
MOV_332,Feature Film 332,7.1
MOV_333,Feature Film 333,8.4
MOV_334,Feature Film 334,8.1
MOV_335,Feature Film 335,8.3
MOV_336,Feature Film 336,8.0
MOV_337,Feature Film 337,8.8
MOV_338,Feature Film 338,7.2
MOV_339,Feature Film 339,7.7
MOV_340,Feature Film 340,8.5
MOV_341,Feature Film 341,7.4
MOV_342,Feature Film 342,9.5
MOV_343,Feature Film 343,7.0
MOV_344,Feature Film 344,7.2
MOV_345,Feature Film 345,5.8
MOV_346,Feature Film 346,8.0
MOV_347,Feature Film 347,6.8
MOV_348,Feature Film 348,7.9
MOV_349,Feature Film 349,7.3
MOV_350,Feature Film 350,8.8
MOV_351,Feature Film 351,7.7
MOV_352,Feature Film 352,8.5
MOV_353,Feature Film 353,7.8
MOV_354,Feature Film 354,8.2
MOV_355,Feature Film 355,7.6
MOV_356,Feature Film 356,6.6
MOV_357,Feature Film 357,7.0
MOV_358,Feature Film 358,8.6
MOV_359,Feature Film 359,7.8
MOV_360,Feature Film 360,7.2
MOV_361,Feature Film 361,8.6
MOV_362,Feature Film 362,8.5
MOV_363,Feature Film 363,7.6
MOV_364,Feature Film 364,8.3
MOV_365,Feature Film 365,7.6
MOV_366,Feature Film 366,7.9
MOV_367,Feature Film 367,6.4
MOV_368,Feature Film 368,7.4
MOV_369,Feature Film 369,6.9
MOV_370,Feature Film 370,6.5
MOV_371,Feature Film 371,8.0
MOV_372,Feature Film 372,9.6
MOV_373,Feature Film 373,9.3
MOV_374,Feature Film 374,6.8
MOV_375,Feature Film 375,6.8
MOV_376,Feature Film 376,7.1
MOV_377,Feature Film 377,7.2
MOV_378,Feature Film 378,8.9
MOV_379,Feature Film 379,7.7
MOV_380,Feature Film 380,7.2
MOV_381,Feature Film 381,6.9
MOV_382,Feature Film 382,6.8
MOV_383,Feature Film 383,7.8
MOV_384,Feature Film 384,9.6
MOV_385,Feature Film 385,8.1
MOV_386,Feature Film 386,6.5
MOV_387,Feature Film 387,8.4
MOV_388,Feature Film 388,8.1
MOV_389,Feature Film 389,7.4
MOV_390,Feature Film 390,7.0
MOV_391,Feature Film 391,8.0
MOV_392,Feature Film 392,7.2
MOV_393,Feature Film 393,8.5
MOV_394,Feature Film 394,8.2
MOV_395,Feature Film 395,8.7
MOV_396,Feature Film 396,8.6
MOV_397,Feature Film 397,8.5
MOV_398,Feature Film 398,7.0
MOV_399,Feature Film 399,8.1
MOV_400,Feature Film 400,7.9
MOV_401,Feature Film 401,6.2
MOV_402,Feature Film 402,7.3
MOV_403,Feature Film 403,7.4
MOV_404,Feature Film 404,7.0
MOV_405,Feature Film 405,7.3
MOV_406,Feature Film 406,6.8
MOV_407,Feature Film 407,8.1
MOV_408,Feature Film 408,8.2
MOV_409,Feature Film 409,7.0
MOV_410,Feature Film 410,7.5
MOV_411,Feature Film 411,8.6
MOV_412,Feature Film 412,8.0
MOV_413,Feature Film 413,7.4
MOV_414,Feature Film 414,8.8
MOV_415,Feature Film 415,8.0
MOV_416,Feature Film 416,7.2
MOV_417,Feature Film 417,8.3
MOV_418,Feature Film 418,7.4
MOV_419,Feature Film 419,8.6
MOV_420,Feature Film 420,7.2
MOV_421,Feature Film 421,9.0
MOV_422,Feature Film 422,8.2
MOV_423,Feature Film 423,7.8
MOV_424,Feature Film 424,8.3
MOV_425,Feature Film 425,7.3
MOV_426,Feature Film 426,8.8
MOV_427,Feature Film 427,8.1
MOV_428,Feature Film 428,7.5
MOV_429,Feature Film 429,7.5
MOV_430,Feature Film 430,1.8
MOV_431,Feature Film 431,6.4
MOV_432,Feature Film 432,5.2
MOV_433,Feature Film 433,6.3
MOV_434,Feature Film 434,9.1
MOV_435,Feature Film 435,7.1
MOV_436,Feature Film 436,7.9
MOV_437,Feature Film 437,7.4
MOV_438,Feature Film 438,9.0
MOV_439,Feature Film 439,7.8
MOV_440,Feature Film 440,8.2
MOV_441,Feature Film 441,7.8
MOV_442,Feature Film 442,12.3
MOV_443,Feature Film 443,7.3
MOV_444,Feature Film 444,7.1
MOV_445,Feature Film 445,11.3
MOV_446,Feature Film 446,7.7
MOV_447,Feature Film 447,8.3
MOV_448,Feature Film 448,7.6
MOV_449,Feature Film 449,8.5
MOV_450,Feature Film 450,7.2
MOV_451,Feature Film 451,9.0
MOV_452,Feature Film 452,7.7
MOV_453,Feature Film 453,7.2
MOV_454,Feature Film 454,8.6
MOV_455,Feature Film 455,8.2
MOV_456,Feature Film 456,8.0
MOV_457,Feature Film 457,8.1
MOV_458,Feature Film 458,7.9
MOV_459,Feature Film 459,8.1
MOV_460,Feature Film 460,8.3
MOV_461,Feature Film 461,8.1
MOV_462,Feature Film 462,7.6
MOV_463,Feature Film 463,7.4
MOV_464,Feature Film 464,9.1
MOV_465,Feature Film 465,8.2
MOV_466,Feature Film 466,6.9
MOV_467,Feature Film 467,7.2
MOV_468,Feature Film 468,6.4
MOV_469,Feature Film 469,7.1
MOV_470,Feature Film 470,7.2
MOV_471,Feature Film 471,8.0
MOV_472,Feature Film 472,13.9
MOV_473,Feature Film 473,7.7
MOV_474,Feature Film 474,8.3
MOV_475,Feature Film 475,2.3
MOV_476,Feature Film 476,7.7
MOV_477,Feature Film 477,8.2
MOV_478,Feature Film 478,7.3
MOV_479,Feature Film 479,8.0
MOV_480,Feature Film 480,7.2
MOV_481,Feature Film 481,7.6
MOV_482,Feature Film 482,8.2
MOV_483,Feature Film 483,9.6
MOV_484,Feature Film 484,6.8
MOV_485,Feature Film 485,7.8
MOV_486,Feature Film 486,8.6
MOV_487,Feature Film 487,8.3
MOV_488,Feature Film 488,8.3
MOV_489,Feature Film 489,7.0
MOV_490,Feature Film 490,8.4
MOV_491,Feature Film 491,8.3
MOV_492,Feature Film 492,8.0
MOV_493,Feature Film 493,8.0
MOV_494,Feature Film 494,8.5
MOV_495,Feature Film 495,9.0
MOV_496,Feature Film 496,8.6
MOV_497,Feature Film 497,8.0
MOV_498,Feature Film 498,5.8
MOV_499,Feature Film 499,7.7
MOV_500,Feature Film 500,8.3
