product_id,price,rating,number_of_reviews,discount
PROD_0001,41534,1.9,13664,13
PROD_0002,35356,3.2,35830,9
PROD_0003,1538,1.9,736,34
PROD_0004,65960,3.2,3770,24
PROD_0005,45571,4.7,22200,2
PROD_0006,61511,3.3,1885,16
PROD_0007,15697,3.7,23387,11
PROD_0008,56802,2.0,4043,53
PROD_0009,6937,1.7,38221,23
PROD_0010,6869,1.9,17383,28
PROD_0011,69084,3.6,3754,42
PROD_0012,9409,1.8,25005,24
PROD_0013,79440,2.8,16987,59
PROD_0014,12414,3.4,32412,64
PROD_0015,39361,2.9,34552,27
PROD_0016,23210,2.1,10661,15
PROD_0017,32855,2.5,33713,46
PROD_0018,78430,4.7,13405,57
PROD_0019,2268,3.9,29818,26
PROD_0020,44052,3.2,36586,52
PROD_0021,83110,1.5,16725,41
PROD_0022,4769,5.0,44419,58
PROD_0023,10524,3.9,24316,46
PROD_0024,23495,2.6,19096,33
PROD_0025,13968,4.6,14386,36
PROD_0026,37679,2.4,5899,5
PROD_0027,48619,3.4,37832,6
PROD_0028,47713,3.7,36646,24
PROD_0029,15876,2.3,20594,32
PROD_0030,55708,4.9,34620,54
PROD_0031,28924,4.1,10068,57
PROD_0032,81339,3.5,9111,6
PROD_0033,24388,2.1,12507,56
PROD_0034,36786,1.7,4668,11
PROD_0035,66137,2.6,11391,15
PROD_0036,50437,4.1,40322,42
PROD_0037,43122,2.4,40496,6
PROD_0038,37507,3.4,17164,50
PROD_0039,54360,4.0,19549,72
PROD_0040,30958,1.9,11787,31
PROD_0041,32189,3.9,34406,74
PROD_0042,79433,1.8,30383,7
PROD_0043,47354,4.9,33164,71
PROD_0044,19807,3.2,6041,44
PROD_0045,42586,2.0,28007,58
PROD_0046,79215,2.7,6449,3
PROD_0047,27283,2.9,22795,66
PROD_0048,8424,4.2,13402,28
PROD_0049,36358,4.1,28679,28
PROD_0050,69868,3.6,28949,27
PROD_0051,17386,1.9,2292,43
PROD_0052,6003,2.0,34634,3
PROD_0053,60875,1.8,24374,8
PROD_0054,73683,3.5,2008,4
PROD_0055,72759,4.6,31715,55
PROD_0056,27507,3.0,38254,49
PROD_0057,66323,2.1,9438,74
PROD_0058,40181,3.5,37447,14
PROD_0059,26222,4.3,12346,31
PROD_0060,29464,4.1,9352,27
PROD_0061,67502,4.6,39842,21
PROD_0062,4413,2.5,7456,16
PROD_0063,65264,2.2,38402,58
PROD_0064,36620,4.6,7471,70
PROD_0065,73596,3.8,34597,56
PROD_0066,25725,2.6,10526,25
PROD_0067,18071,4.1,13759,24
PROD_0068,4011,4.4,17524,9
PROD_0069,1666,3.7,35436,44
PROD_0070,52223,3.9,36278,10
PROD_0071,4025,2.8,24960,52
PROD_0072,28022,3.4,34898,71
PROD_0073,9407,3.3,36798,67
PROD_0074,78013,4.5,10223,27
PROD_0075,35942,4.4,36037,74
PROD_0076,31623,4.4,28021,64
PROD_0077,83659,1.5,42859,48
PROD_0078,9226,4.1,34601,46
PROD_0079,22742,4.2,17868,51
PROD_0080,80272,3.9,18636,53
PROD_0081,63748,4.1,13477,59
PROD_0082,77042,4.4,39768,56
PROD_0083,60532,3.1,3144,46
PROD_0084,25836,3.3,16753,30
PROD_0085,77875,1.9,15444,45
PROD_0086,22911,2.8,10243,25
PROD_0087,6770,3.8,1151,4
PROD_0088,35930,4.2,18029,51
PROD_0089,31647,2.3,20394,74
PROD_0090,65031,2.0,42913,53
PROD_0091,1476,3.8,36139,32
PROD_0092,5059,1.5,22977,49
PROD_0093,33078,2.1,40613,37
PROD_0094,21935,1.6,11182,26
PROD_0095,82188,2.1,16400,14
PROD_0096,53850,2.1,3277,60
PROD_0097,11855,2.9,39342,20
PROD_0098,27897,2.9,26177,45
PROD_0099,11862,4.6,21322,68
PROD_0100,47118,3.3,27850,5
PROD_0101,74069,4.0,19000,37
PROD_0102,27265,1.9,44189,61
PROD_0103,82008,2.3,5916,61
PROD_0104,60188,4.0,40389,73
PROD_0105,27286,1.7,17307,45
PROD_0106,79013,3.2,2021,12
PROD_0107,58647,3.6,44024,2
PROD_0108,24895,3.6,11748,5
PROD_0109,33473,1.6,28807,7
PROD_0110,64405,2.6,11130,43
PROD_0111,70266,3.7,8777,32
PROD_0112,59481,2.0,22862,74
PROD_0113,39609,3.9,13713,49
PROD_0114,56387,4.1,939,10
PROD_0115,9205,4.9,11961,27
PROD_0116,37213,2.2,26049,69
PROD_0117,45678,4.4,29514,40
PROD_0118,78911,3.3,17448,15
PROD_0119,37949,2.8,5754,67
PROD_0120,47180,1.9,18294,47
PROD_0121,46712,4.1,42427,55
PROD_0122,6311,2.3,39758,63
PROD_0123,50414,2.8,7079,58
PROD_0124,7450,1.7,42369,61
PROD_0125,58015,4.3,19809,10
PROD_0126,36677,4.2,33220,17
PROD_0127,42951,4.1,28236,18
PROD_0128,72729,2.5,4662,54
PROD_0129,13766,2.1,24333,25
PROD_0130,31309,3.7,42148,5
PROD_0131,54990,3.2,7607,3
PROD_0132,64456,2.1,37236,28
PROD_0133,12588,3.9,6601,58
PROD_0134,45275,5.0,25843,16
PROD_0135,43895,4.1,11836,42
PROD_0136,23470,4.1,26427,65
PROD_0137,44438,4.8,18703,33
PROD_0138,49012,2.2,14148,7
PROD_0139,30033,3.5,2179,12
PROD_0140,72887,4.9,18566,7
PROD_0141,63945,2.1,22062,64
PROD_0142,3953,4.0,6323,42
PROD_0143,19042,3.6,8325,38
PROD_0144,48667,3.6,8046,58
PROD_0145,74471,3.9,31788,43
PROD_0146,6740,4.8,27744,8
PROD_0147,24910,4.2,23183,36
PROD_0148,12448,1.7,30413,73
PROD_0149,59488,4.5,795,35
PROD_0150,21974,2.3,6149,27
PROD_0151,71330,2.8,6354,41
PROD_0152,42967,3.1,18810,42
PROD_0153,13972,3.2,25382,41
PROD_0154,76965,3.0,20548,65
PROD_0155,81057,4.8,14983,54
PROD_0156,65728,4.0,5629,71
PROD_0157,23968,3.7,34714,47
PROD_0158,34367,1.7,36585,21
PROD_0159,9734,4.7,39929,26
PROD_0160,52548,4.7,42271,66
PROD_0161,37683,4.2,27726,12
PROD_0162,82228,1.5,3246,44
PROD_0163,76452,1.7,15858,9
PROD_0164,75687,2.3,2362,8
PROD_0165,31700,2.0,1942,53
PROD_0166,72130,2.9,10923,26
PROD_0167,34383,4.7,8566,33
PROD_0168,56125,3.2,21310,0
PROD_0169,36750,1.5,5508,31
PROD_0170,7526,2.5,10592,70
PROD_0171,32209,1.7,9579,66
PROD_0172,36340,1.6,4867,19
PROD_0173,65980,2.5,350,34
PROD_0174,81870,2.5,43959,16
PROD_0175,65780,4.3,16776,17
PROD_0176,68875,4.9,26142,44
PROD_0177,64473,2.8,8501,52
PROD_0178,26459,3.0,148,67
PROD_0179,17932,4.5,368,64
PROD_0180,17313,2.4,9724,0
PROD_0181,80831,2.0,19850,57
PROD_0182,49403,4.5,34405,25
PROD_0183,41920,1.7,30664,19
PROD_0184,77530,3.7,25889,9
PROD_0185,68687,3.5,16006,58
PROD_0186,16313,2.7,37782,74
PROD_0187,34054,2.6,26772,40
PROD_0188,40689,4.2,13293,4
PROD_0189,24010,1.8,39430,64
PROD_0190,58292,2.3,19564,16
PROD_0191,74995,4.1,20229,21
PROD_0192,27512,3.4,34929,40
PROD_0193,58083,1.9,9439,67
PROD_0194,7720,4.6,44705,68
PROD_0195,18026,2.9,39683,10
PROD_0196,4657,4.4,19228,55
PROD_0197,65407,4.3,12462,50
PROD_0198,32416,3.7,18961,20
PROD_0199,32209,3.2,1317,25
PROD_0200,56053,4.9,14862,18
PROD_0201,62737,2.0,25242,59
PROD_0202,29670,4.0,35438,70
PROD_0203,51800,2.2,43181,46
PROD_0204,61245,2.7,26495,70
PROD_0205,38766,2.6,10248,25
PROD_0206,17924,4.8,38985,39
PROD_0207,34192,4.9,1150,4
PROD_0208,76628,2.1,24852,20
PROD_0209,31306,1.6,26431,3
PROD_0210,39831,4.0,1718,22
PROD_0211,54552,3.0,3640,14
PROD_0212,12622,1.8,19605,7
PROD_0213,73678,3.9,10495,40
PROD_0214,14509,3.4,28318,18
PROD_0215,16755,4.9,44799,45
PROD_0216,31666,2.3,26096,27
PROD_0217,54923,2.9,16869,67
PROD_0218,10405,3.4,7694,14
PROD_0219,68307,4.3,25562,36
PROD_0220,72539,3.4,1217,0
PROD_0221,64614,3.6,1970,66
PROD_0222,69548,2.3,567,23
PROD_0223,70886,4.5,29699,26
PROD_0224,11055,3.0,13903,39
PROD_0225,68310,2.0,32282,62
PROD_0226,36677,3.8,892,60
PROD_0227,4554,2.3,37539,35
PROD_0228,14783,1.8,38645,23
PROD_0229,56848,4.5,29545,23
PROD_0230,34802,3.1,12879,3
PROD_0231,74093,4.1,7176,66
PROD_0232,45412,2.5,12992,33
PROD_0233,74368,4.3,40707,56
PROD_0234,5548,1.9,38125,48
PROD_0235,19500,2.7,7279,52
PROD_0236,58875,4.9,28074,22
PROD_0237,9985,4.3,13537,68
PROD_0238,53662,3.2,2464,52
PROD_0239,960,2.7,20888,61
PROD_0240,45142,4.6,13001,40
PROD_0241,61262,3.4,2818,56
PROD_0242,43127,4.2,39420,59
PROD_0243,48903,4.1,36603,53
PROD_0244,10825,1.6,36314,69
PROD_0245,69209,1.9,30396,56
PROD_0246,25891,3.8,3812,9
PROD_0247,29281,2.1,28763,39
PROD_0248,506,2.4,21093,6
PROD_0249,68918,4.8,18364,37
PROD_0250,29627,3.5,22200,60
PROD_0251,46778,4.1,6152,2
PROD_0252,20402,3.5,28408,50
PROD_0253,40190,3.4,41872,46
PROD_0254,11053,1.8,33142,67
PROD_0255,81736,2.7,19513,37
PROD_0256,73281,2.5,34641,35
PROD_0257,56221,2.9,16509,40
PROD_0258,48530,4.3,39862,68
PROD_0259,29600,2.8,8026,12
PROD_0260,63010,3.1,2394,57
PROD_0261,41622,2.9,15082,49
PROD_0262,19051,1.8,36713,29
PROD_0263,82504,3.0,14492,61
PROD_0264,13694,2.2,40520,24
PROD_0265,56572,2.2,21836,26
PROD_0266,5194,1.8,2500,50
PROD_0267,76858,2.7,25528,56
PROD_0268,10998,4.2,24055,46
PROD_0269,65360,2.5,26920,38
PROD_0270,10014,2.6,24576,15
PROD_0271,19468,3.7,33915,21
PROD_0272,16462,2.2,27113,53
PROD_0273,6081,4.6,36198,20
PROD_0274,84627,3.3,5855,71
PROD_0275,35884,3.1,21172,15
PROD_0276,30981,3.5,36684,58
PROD_0277,48163,2.1,19347,30
PROD_0278,84715,3.6,22323,41
PROD_0279,55413,2.8,26953,73
PROD_0280,38366,4.6,12423,31
PROD_0281,42984,2.1,286,58
PROD_0282,18372,3.3,17621,33
PROD_0283,36334,3.6,39115,8
PROD_0284,65276,1.6,11954,10
PROD_0285,83661,2.8,15916,9
PROD_0286,65749,4.1,20546,16
PROD_0287,10681,4.4,27820,67
PROD_0288,4736,2.6,12316,47
PROD_0289,71270,4.3,10513,51
PROD_0290,64911,4.9,19235,24
PROD_0291,62228,4.5,36986,20
PROD_0292,12628,1.9,11600,64
PROD_0293,25468,4.1,10896,62
PROD_0294,34893,2.6,12876,50
PROD_0295,77256,5.0,1098,35
PROD_0296,60930,3.2,3373,65
PROD_0297,45332,1.9,32802,14
PROD_0298,63432,4.0,9774,38
PROD_0299,73464,2.6,20630,69
PROD_0300,74160,5.0,42737,0
PROD_0301,52589,4.9,12945,22
PROD_0302,32049,3.8,8078,38
PROD_0303,40760,2.0,7305,56
PROD_0304,74099,3.9,41170,33
PROD_0305,78521,1.8,11400,40
PROD_0306,24525,1.6,41226,72
PROD_0307,7020,4.4,20141,12
PROD_0308,56453,2.2,29228,69
PROD_0309,20908,2.8,10443,5
PROD_0310,52429,4.9,15048,51
PROD_0311,73208,2.7,28192,2
PROD_0312,55548,2.5,11538,62
PROD_0313,49194,4.7,21291,48
PROD_0314,5955,1.9,8615,46
PROD_0315,74819,4.2,34792,54
PROD_0316,64039,5.0,1391,63
PROD_0317,64608,4.7,1108,64
PROD_0318,30283,3.8,19820,66
PROD_0319,74121,2.6,24332,14
PROD_0320,6200,2.4,41879,31
PROD_0321,31851,4.4,32965,67
PROD_0322,31354,4.6,44726,17
PROD_0323,37984,3.3,10217,42
PROD_0324,74264,2.4,21803,34
PROD_0325,15015,1.9,2102,57
PROD_0326,11437,1.8,28230,32
PROD_0327,35597,4.0,18524,13
PROD_0328,51411,3.0,38020,33
PROD_0329,23728,4.7,8559,60
PROD_0330,50499,4.1,22041,3
PROD_0331,71607,2.2,5195,58
PROD_0332,48543,3.6,15281,28
PROD_0333,17646,3.0,5786,5
PROD_0334,17219,3.5,12459,48
PROD_0335,32121,4.1,24307,39
PROD_0336,46958,4.3,40601,64
PROD_0337,40407,4.5,15727,68
PROD_0338,8266,2.4,40133,26
PROD_0339,12170,1.6,39243,5
PROD_0340,77751,4.1,10360,12
PROD_0341,74569,1.9,30632,63
PROD_0342,33912,2.6,35333,61
PROD_0343,28478,1.5,2961,18
PROD_0344,52487,3.9,17632,42
PROD_0345,55398,2.1,4737,73
PROD_0346,35561,3.8,38464,19
PROD_0347,78512,5.0,36479,67
PROD_0348,18567,1.8,35558,43
PROD_0349,78165,1.8,23792,22
PROD_0350,60844,2.7,28464,1
PROD_0351,72445,4.5,2378,21
PROD_0352,72265,2.3,15602,56
PROD_0353,40221,2.8,22183,71
PROD_0354,79663,1.7,33214,6
PROD_0355,43212,4.2,35606,55
PROD_0356,55976,2.9,34334,66
PROD_0357,50140,4.2,23874,15
PROD_0358,46631,4.7,30760,50
PROD_0359,25331,2.3,10586,71
PROD_0360,38145,4.3,16576,11
PROD_0361,59773,1.7,7200,52
PROD_0362,45235,4.6,23081,74
PROD_0363,30093,3.8,38343,4
PROD_0364,61887,4.6,15379,26
PROD_0365,71283,1.5,24045,11
PROD_0366,50630,2.1,1599,16
PROD_0367,28440,2.9,25245,5
PROD_0368,9373,2.8,169,4
PROD_0369,6705,2.3,12155,56
PROD_0370,23590,2.8,15383,27
PROD_0371,41867,2.0,31931,68
PROD_0372,47150,2.9,39333,58
PROD_0373,55122,4.3,16247,32
PROD_0374,23611,3.2,41981,61
PROD_0375,43407,1.6,8254,49
PROD_0376,67217,3.0,14753,18
PROD_0377,34470,1.6,31576,68
PROD_0378,42078,4.9,18701,65
PROD_0379,69127,1.9,34006,46
PROD_0380,12710,4.0,5600,38
PROD_0381,57308,4.9,5595,67
PROD_0382,15721,4.4,9237,32
PROD_0383,42767,3.9,28288,12
PROD_0384,32670,4.4,38824,53
PROD_0385,57321,4.9,12247,6
PROD_0386,71528,3.7,15659,13
PROD_0387,51495,3.5,37723,18
PROD_0388,80653,3.7,7937,53
PROD_0389,27014,3.4,7026,19
PROD_0390,27904,3.7,14037,28
PROD_0391,31473,3.1,24152,23
PROD_0392,10255,2.3,23555,62
PROD_0393,76672,1.9,31907,73
PROD_0394,69551,1.7,3177,56
PROD_0395,62248,2.4,44767,7
PROD_0396,62945,1.7,26927,61
PROD_0397,70316,3.5,22746,28
PROD_0398,63336,2.5,28000,73
PROD_0399,6847,4.4,14097,16
PROD_0400,73593,1.8,22450,65
PROD_0401,23476,2.3,35215,5
PROD_0402,24321,4.1,15285,57
PROD_0403,5841,3.6,5286,68
PROD_0404,60727,1.7,41637,27
PROD_0405,23039,4.6,40596,61
PROD_0406,59652,4.6,37506,40
PROD_0407,56831,2.7,19018,68
PROD_0408,16351,2.7,5748,40
PROD_0409,47375,5.0,32412,48
PROD_0410,53719,3.7,5803,48
PROD_0411,970,3.4,37301,70
PROD_0412,462,4.4,5581,2
PROD_0413,41723,2.5,31341,9
PROD_0414,54043,3.0,16219,34
PROD_0415,70630,2.4,25404,1
PROD_0416,10933,4.3,43158,23
PROD_0417,5097,3.5,25692,73
PROD_0418,22719,3.8,2234,37
PROD_0419,29599,2.4,41167,21
PROD_0420,11048,2.3,44462,25
PROD_0421,25420,3.2,43418,42
PROD_0422,37786,4.1,32451,54
PROD_0423,33660,3.3,41440,38
PROD_0424,21522,1.6,39139,28
PROD_0425,73229,4.5,34726,19
PROD_0426,14355,1.7,44869,40
PROD_0427,28679,4.8,26596,53
PROD_0428,26334,1.6,44770,19
PROD_0429,30919,3.9,23488,18
PROD_0430,20176,1.8,6328,65
PROD_0431,55615,4.7,28704,29
PROD_0432,64340,3.1,20190,52
PROD_0433,53651,2.0,12190,33
PROD_0434,31210,2.7,33012,21
PROD_0435,33083,2.1,15382,66
PROD_0436,3490,2.1,29806,5
PROD_0437,33459,4.8,24437,26
PROD_0438,64940,3.1,33300,9
PROD_0439,50022,4.3,28109,72
PROD_0440,3930,3.7,9831,47
PROD_0441,6471,3.9,5842,69
PROD_0442,42379,2.0,12830,58
PROD_0443,20580,2.3,16221,58
PROD_0444,28970,4.3,39900,1
PROD_0445,51730,4.9,5852,28
PROD_0446,28901,2.4,1326,67
PROD_0447,51698,2.5,17518,64
PROD_0448,23771,3.2,22015,25
PROD_0449,49529,4.9,15216,9
PROD_0450,73915,2.4,18981,52
PROD_0451,7398,2.9,25609,58
PROD_0452,25730,4.6,22066,21
PROD_0453,56791,1.5,1388,50
PROD_0454,47983,1.6,1529,47
PROD_0455,30410,3.6,22171,20
PROD_0456,64235,4.7,40713,21
PROD_0457,22913,2.3,38871,29
PROD_0458,42290,3.1,5365,24
PROD_0459,70775,3.1,9093,27
PROD_0460,61219,3.2,38352,64
PROD_0461,63829,3.7,20466,44
PROD_0462,36523,3.1,13334,67
PROD_0463,8087,3.1,2267,6
PROD_0464,28381,3.2,27374,48
PROD_0465,77115,3.6,24982,8
PROD_0466,83887,3.4,26664,35
PROD_0467,16830,4.5,15243,0
PROD_0468,45156,1.7,15897,9
PROD_0469,10441,4.4,29330,35
PROD_0470,48654,4.5,20818,72
PROD_0471,10165,2.5,30164,45
PROD_0472,70366,3.1,34783,31
PROD_0473,64326,3.0,27757,31
PROD_0474,58205,2.3,10870,5
PROD_0475,28437,2.9,42848,47
PROD_0476,30255,1.7,42166,37
PROD_0477,76594,2.5,18166,16
PROD_0478,5738,4.4,20370,73
PROD_0479,47540,2.5,18145,26
PROD_0480,42832,4.4,25361,53
PROD_0481,28569,3.4,30509,49
PROD_0482,79114,4.6,23564,34
PROD_0483,39578,3.5,19614,24
PROD_0484,24187,1.6,16933,27
PROD_0485,17929,3.9,8557,14
PROD_0486,61362,1.7,44293,3
PROD_0487,35443,3.1,33012,72
PROD_0488,52460,4.8,14572,26
PROD_0489,77659,2.1,7490,25
PROD_0490,51278,2.9,26682,18
PROD_0491,7278,4.1,4223,16
PROD_0492,26488,4.6,10303,42
PROD_0493,42899,3.8,34451,40
PROD_0494,59859,2.4,2110,41
PROD_0495,78339,3.9,44627,49
PROD_0496,61857,2.5,28182,39
PROD_0497,7209,4.0,20142,38
PROD_0498,58012,4.8,18209,22
PROD_0499,47156,4.0,36619,51
PROD_0500,35263,4.5,42975,46
