player_name,matches,runs,wickets,strike_rate
Player_1,-0.33874493017871193,0.5726772233824856,1.1613091994593605,-1.1085762154468783
Player_2,0.762841336556689,1.2764571513359013,-0.18878500347511998,-0.06300702853785081
Player_3,-0.48180808170279,1.3914172192486107,0.09644616615892519,0.032672741787158024
Player_4,-1.5977006635905986,-0.2881213339151185,0.5338006262644611,0.8243623937182747
Player_5,-0.2815196695690807,-1.5605330124221308,1.028201320296806,0.676179644731168
Player_6,-0.7822406999033539,1.4951616707795923,-1.5578946177185369,-0.3469376105131462
Player_7,0.8915981729283592,-0.829274824333482,0.8000163845895699,-0.9845724697910008
Player_8,-1.5118627726761518,0.951204276265797,0.26758486793935227,0.49069214774730663
Player_9,-0.33874493017871193,-0.4849554014144404,0.8000163845895699,-0.2809634728522199
Player_10,-0.06692494228296367,-1.5678231630702537,-1.234632625466619,-1.2805925534319114
Player_11,1.2063371062813308,1.2927197950894067,0.11546157746786154,1.3732257693371868
Player_12,1.2635623668909621,-0.20736889596667876,1.237370844695106,0.6499281554001191
Player_13,-0.7393217544461305,0.45491325137434435,0.0584153435410525,0.6222950087358563
Player_14,1.0918865850620685,0.8188600029614096,1.3324479012397876,1.103802589360628
Player_15,-0.553339657464829,0.4459407582689622,1.6747253048006419,0.0920840071153221
Player_16,-0.1384565180450027,-0.533743332674956,-0.5500778183449105,1.077896514362882
Player_17,-0.38166387563593535,0.2956514987538104,0.6098622715002064,-0.017066922208514176
Player_18,-0.3244386150263041,0.6590374695217892,-0.740231931434274,-1.5054572844123466
Player_19,0.3622645122892704,-0.34700331991918915,1.085247554223615,-0.3379568378472612
Player_20,0.06183189408870657,-1.3171541369386388,-1.3106942707023643,-0.019139408208333934
Player_21,0.33365188198445483,1.5041341638849746,-1.6149408516453458,0.7500983120580703
Player_22,-1.0540606877991021,-1.2078018772167933,0.03939993223211616,-1.3693640370908544
Player_23,-1.7836827605719001,1.0605565359876423,1.522602014329151,-1.2539956497675588
Player_24,-0.553339657464829,0.9024163450052812,-0.5500778183449105,-0.8267181194714017
Player_25,1.563994985091526,1.4575893559008044,-1.2916788593934279,-0.8170465181389098
Player_26,0.44810240320371725,-0.30606632012588286,1.1232783768414878,0.7915480320544636
Player_27,-1.2686554150852192,-0.7502047288423014,-0.3789391165644834,-0.8716219828008285
Player_28,0.04752557893629877,-1.3833262735908325,-1.6910024968810913,0.44924242775091344
Player_29,0.9345171183855826,0.4633249636606402,0.8190317958985063,-0.030192666874038647
Player_30,0.8772918577759514,0.23340482783522148,-1.4818329724827914,0.2426846564355525
Player_31,-1.5118627726761518,0.2519105948650722,0.0013691096142434687,1.1573418110226368
Player_32,0.49102134866094066,-1.5397841221159345,-0.8353089879789557,-0.3407201525136874
Player_33,1.1061929002144761,-0.03296606123081238,-1.0634939236861918,0.9252233790428329
Player_34,-0.9825291120370631,-1.2178959319603482,1.6557098934917054,-0.27992722985231
Player_35,-1.4975564575237441,1.667321382239113,-0.22681582609299267,-0.5151543908318436
Player_36,1.563994985091526,1.754242409197503,-0.8543243992878921,1.5735660826530893
Player_37,-0.5390333423124212,-0.8999332075383668,1.237370844695106,-1.1006316857809029
Player_38,-1.1112859484087334,0.8171776605041504,-0.3218928826376744,-1.4256665734192888
Player_39,1.3207876275005932,0.9046594682816268,-1.2156172141576826,0.9255687933761358
Player_40,-0.9682227968846553,0.29957696448741516,-0.8162935766700193,-1.502003141079314
Player_41,0.619778185032611,1.0392468648623596,0.5908468601912702,1.1538876676896042
Player_42,1.335093942653001,-0.4647672919273304,-0.6451548748895922,-0.22742425119021165
Player_43,0.8772918577759514,-0.369995333501731,0.07743075484998885,1.4246925049993757
Player_44,1.1634181608241074,1.7312503956149614,0.32463110186616134,0.7545886983910128
Player_45,-1.5977006635905986,-0.1097930334456474,-0.5120469957270378,0.3708333740910686
Player_46,0.905904488080767,1.3297313291491082,-0.797278165361083,1.5414425496558841
Player_47,0.905904488080767,-0.15073003323895368,-0.5500778183449105,-0.36766247051134326
Player_48,0.6913097607946499,-1.859429188995175,-0.16976959216618365,1.5580224376544412
Player_49,0.905904488080767,1.0667251249975926,-1.2156172141576826,-1.2712663664327228
Player_50,-1.0826733181039176,1.1188777411726267,-1.025463101068319,-0.0664611718708834
Player_51,-0.26721335441667293,0.868769495860098,-1.6910024968810913,-0.8053024308065987
Player_52,-1.0254480574942866,-1.3704283147518455,-1.5578946177185369,0.12697085477895304
Player_53,1.6784455063107884,-1.305938520556911,0.4387235697197794,-1.1780044964408372
Player_54,-0.8966912211226162,0.4610818403842946,0.17250781139467056,1.1690858983549484
Player_55,0.06183189408870657,0.5855751822214725,1.7127561274185146,1.1860112006868084
Player_56,1.4638507790246713,0.6422140449491976,-0.8162935766700193,1.5618219953207777
Player_57,-1.0826733181039176,-1.5055764921516648,0.7049393280448882,-1.2032197427719769
Player_58,0.11905715469833779,1.0684074674548518,-0.6451548748895922,0.41539182308719236
Player_59,-1.5118627726761518,-0.9122703855582673,-1.4438021498649187,-0.09962094786799854
Player_60,-0.767934384750946,-0.9184389745682175,-1.17758639153981,-0.5479687524956552
Player_61,0.5768592395753875,0.8031581400269907,-0.22681582609299267,-0.5234443348311221
Player_62,-1.5547817181333752,-1.7949393948002406,0.7619855619716972,-0.3117053485162118
Player_63,0.07613820924111438,-1.3962242324298193,0.362661924484034,0.6972499190626685
Player_64,-0.5390333423124212,1.4502992052526813,1.2183554333861695,0.3290382397613724
Player_65,-0.9539164817322475,0.19919719787095186,-1.4438021498649187,-0.1497060261969737
Player_66,-1.6120069787430065,1.0414899881387052,-0.6451548748895922,-1.475406237414961
Player_67,1.6498328760059728,1.5422672595828488,0.4767543923376521,-1.4688433650821988
Player_68,-1.6835385545050454,-1.0939633709422567,-1.5769100290274731,-1.7296311867261749
Player_69,-0.5247270271600134,-1.4466945061475942,-1.6529716742632186,1.6049987869836877
Player_70,-1.0540606877991021,-1.7966217372574997,0.4006927471019067,-1.7192687567270766
Player_71,0.04752557893629877,1.474412780473396,1.1613091994593605,-1.381453538756469
Player_72,-0.6105649180744602,-0.2701763477043541,0.32463110186616134,-0.6509022238200327
Player_73,-0.49611439685519776,-1.2167743703221754,-1.3677405046291733,1.0512996106985302
Player_74,-0.22429440895944952,-0.7788045506157072,-0.9874322784504465,1.585655584318704
Player_75,0.8772918577759514,-1.294162123356097,0.4767543923376521,0.9911975167037592
Player_76,1.0346613244524372,-0.9285330293117725,-1.4247867385559825,0.6478556694002993
Player_77,0.6483908153374265,-1.2554682468391363,0.5528160375733975,0.06306920311784649
Player_78,-1.6978448696574533,0.7902601811880038,-1.17758639153981,-1.438101489418207
Player_79,0.6913097607946499,-1.5745525328992904,-0.9684168671415101,1.5721844253198753
Player_80,-1.3115743605424426,-0.26400775869440385,-1.3867559159381098,0.8820465873799229
Player_81,1.134805530519292,1.062799659263988,-0.07469253562150191,0.4692764590825031
Player_82,-0.6534838635316836,1.0751368372838885,0.6859239167359519,0.8841190733797427
Player_83,0.5339402941181641,-1.5481958344022302,-0.8733398105968284,0.7635694710568978
Player_84,-1.0969796332563255,0.1975148554136927,-1.234632625466619,0.4634044154163478
Player_85,-0.3244386150263041,0.7083861816013913,1.0472167316057424,1.6495572359798105
Player_86,0.07613820924111438,0.9377455366077236,-1.462817561173855,1.3828973706696785
Player_87,-1.7836827605719001,0.013017965934271356,-1.234632625466619,0.49621877708015893
Player_88,0.10475083954592998,1.114952275439022,-0.4169699391823561,0.6568364420661842
Player_89,-1.0397543726466942,0.4207056214100747,0.914108852443188,-1.5593419204076582
Player_90,-0.2958259847214885,0.829514838524051,-0.43598535049129244,0.5763549024065207
Player_91,-1.7550701302670846,-1.0373245082145317,0.362661924484034,-1.5849025810721007
Player_92,-1.0397543726466942,-1.5364194372014162,1.0662321429146788,0.2944968064310445
Player_93,1.349400257805409,-0.5752411132873486,0.4006927471019067,1.714495130640827
Player_94,0.9202108032331748,-0.09689507460666051,0.4006927471019067,0.18223714810747857
Player_95,0.2764266213748236,0.521085388026538,-1.0634939236861918,-0.10307509120103114
Player_96,1.3064813123481855,-0.9201213170254767,0.4006927471019067,-0.6567742674861881
Player_97,-1.1828175241707723,0.10442523944535245,-1.5578946177185369,-1.3213514447616985
Player_98,0.5053276638133485,0.9938236185163624,1.4845711917112783,0.787403060054824
Player_99,1.0775802699096606,-0.3228897446984745,0.4387235697197794,-1.0723077104500336
Player_100,0.905904488080767,0.020308116582394387,-0.13173876954831096,-1.339312990093469
Player_101,1.4495444638722634,0.4066861009329151,-0.911370633214701,-0.2806180585189164
Player_102,-1.6120069787430065,-1.1646217541471415,1.5035866030202147,1.009504476368833
Player_103,-0.45319545139797435,1.0476585771486555,0.21053863401254325,0.8361064810505863
Player_104,-1.125592263561141,-0.11315771836016573,-1.5959254403364094,-1.54794324740865
Player_105,-1.5977006635905986,1.000552988345399,1.7127561274185146,-0.16559508552892485
Player_106,1.048967639604845,-0.6610405786075659,-1.2156172141576826,0.06686876078418302
Player_107,1.134805530519292,1.429550314946485,-0.49303158441810147,0.48861966174748683
Player_108,1.2635623668909621,0.9719531665719933,-0.5881086409627833,0.5083082787457746
Player_109,0.905904488080767,-0.14624378668626256,0.362661924484034,-0.4778496428350894
Player_110,-1.2400427847804036,0.6887588529333678,0.5908468601912702,0.1991624504393386
Player_111,1.2349497365861464,1.1233639877253176,-1.0825093349951282,-0.07578735887007133
Player_112,1.1634181608241074,-0.20232186859490128,1.142293788150424,1.319341133341875
Player_113,1.5783013002439337,-0.5915037570408539,-1.3106942707023643,0.09415649311514185
Player_114,-0.6391775483792759,-0.47149666175636706,-0.3789391165644834,-0.21429850652468715
Player_115,-0.22429440895944952,0.7437153732038337,0.419708158410843,-0.34037473818038394
Player_116,-1.0540606877991021,-0.9447956730652778,-1.633956262954282,0.23957592743582287
Player_117,-1.4689438272189284,1.1710303573476606,0.07743075484998885,1.0395555233662186
Player_118,0.39087714259408607,-0.8763804131367385,-0.2838620600198017,0.12213505411270759
Player_119,1.2921749971957777,0.6349238943010747,-0.5310624070359742,0.5480309270756509
Player_120,0.8772918577759514,-0.7008560167626994,0.07743075484998885,0.8112366490527502
Player_121,-0.03831231197814806,1.4362796847755217,0.09644616615892519,0.059269645451510915
Player_122,1.5783013002439337,1.4340365614991761,1.1803246107682968,-0.26334734185375247
Player_123,-1.2257364696279958,-0.26400775869440385,-0.6641702861985286,1.2906717436777022
Player_124,0.4337960880513095,-0.03857386942167625,0.8950934411342517,-0.2954708748509577
Player_125,-1.5977006635905986,0.23004014292070316,0.7810009732806336,-0.14210691086430158
Player_126,-1.1685112090183645,-0.4658888535655032,-1.120540157613001,1.6830624263102285
Player_127,-0.8823849059702085,-0.9470387963416232,-0.9494014558325737,-1.736884887725544
Player_128,-0.5390333423124212,-0.28251352572425464,-1.025463101068319,-1.0968321281145668
Player_129,-0.7965470150557616,-1.2924797808988377,1.1803246107682968,-0.4111846765075562
Player_130,-1.6835385545050454,-1.1057397681430707,-1.5959254403364094,1.4837583559942358
Player_131,-0.553339657464829,0.7240880445358101,-0.4550007618002288,-1.4957856830798546
Player_132,0.03321926378389096,-0.13054192375184373,-0.2838620600198017,-1.704761354728339
Player_133,1.563994985091526,-0.2696155668852677,-1.633956262954282,-1.5555423627413223
Player_134,0.1333634698507456,-1.6738107378775808,-0.2078004147840563,-1.4318840314187482
Player_135,1.2778686820433698,1.4345973423182625,0.8380472072074426,-1.607699927070117
Player_136,-0.9109975362750241,1.727885710700443,0.5338006262644611,-0.0802777452030148
Player_137,0.176282415307969,0.7134332089731688,0.4387235697197794,0.2685907314332985
Player_138,1.6641391911583805,-1.3597734791892042,0.07743075484998885,-0.7990849728071394
Player_139,-0.6534838635316836,1.672929190429977,1.693740716109578,-0.3617904268451875
Player_140,0.1333634698507456,0.12685647220880794,-0.5310624070359742,-1.420830772753043
Player_141,0.5196339789657562,-1.3844478352290053,-0.2078004147840563,-0.5756018991599176
Player_142,0.5196339789657562,-0.9156350704727856,0.8760780298253154,0.067214175117486
Player_143,-1.3401869908472581,-0.7788045506157072,-1.2156172141576826,0.7918934463877665
Player_144,-0.052618627130555866,0.23901263602608533,1.693740716109578,-1.7261770433931423
Player_145,-1.7407638151146767,-0.5006572643488592,1.5796482482559602,-0.12345453686592475
Player_146,1.5353823547867103,-0.9823679879440657,-0.8733398105968284,-0.7116951464814096
Player_147,1.4924634093294868,0.3814509640740277,0.8190317958985063,1.208117718018219
Player_148,-1.2257364696279958,0.9713923857529069,-0.3789391165644834,0.7342092527261191
Player_149,-1.4117185666092973,-0.32625442961299284,1.2183554333861695,0.2972601210974702
Player_150,0.11905715469833779,0.09993899289266135,0.5338006262644611,-0.7797417701421557
Player_151,1.0632739547572527,1.35272334273165,-0.4169699391823561,1.4067309596676048
Player_152,-0.7822406999033539,1.1592539601468466,-1.348725093320237,-1.581793852072371
Player_153,-1.640619609047822,1.2428103021907182,-1.3297096820113006,-1.3593470214250591
Player_154,0.5053276638133485,1.1031758782382077,0.4387235697197794,-0.38493318717650726
Player_155,-1.3401869908472581,0.332663032813512,0.9521396750610607,-1.3078802857628706
Player_156,-1.125592263561141,-1.263879959125432,-0.8162935766700193,1.5659669673204162
Player_157,0.34795819713686266,0.5945476753268547,-1.6910024968810913,1.018830663368022
Player_158,-0.9253038514274319,-0.4911239904243906,0.0013691096142434687,-0.8429525931366558
Player_159,1.2778686820433698,0.4414545117162711,0.9901704976789334,0.2955330494309544
Player_160,-1.282961730237627,1.3493586578171317,-0.49303158441810147,1.6554292796459658
Player_161,-0.39597019078834317,0.029841390506862967,-0.9874322784504465,1.3165778186754482
Player_162,0.6483908153374265,0.36406675868234967,-1.0064476897593828,0.3376735980939544
Player_163,-0.3244386150263041,-0.43392434687757914,0.6859239167359519,1.3839336136695883
Player_164,1.2492560517385543,-1.439404355499471,0.9331242637521243,1.679262868643892
Player_165,1.3207876275005932,-0.6941266469336628,0.19152322270360692,0.830234437384431
Player_166,-1.3115743605424426,-0.30606632012588286,-0.245831237401929,-1.5130563997450186
Player_167,0.9488234335379904,-0.23765106019734367,-1.6529716742632186,-0.35039175384617927
Player_168,1.4352381487198558,0.4851954156050093,1.3514633125487239,1.156305568022727
Player_169,-0.3673575604835275,-1.4270671774795707,0.8380472072074426,-0.9410502637947874
Player_170,0.6913097607946499,-0.9504034812561416,1.6747253048006419,1.1314357360248908
Player_171,1.134805530519292,-0.1406359784953987,-1.5198637951006642,-1.322042273428305
Player_172,0.06183189408870657,-1.6278267107124973,-1.6149408516453458,-1.5755763940729124
Player_173,-1.797989075724308,-1.7977432988956725,1.1613091994593605,-0.41083926217425326
Player_174,-1.7407638151146767,-1.5162313277143062,0.914108852443188,-1.6108086560698467
Player_175,1.3064813123481855,0.3668706627777816,1.5606328369470237,1.5690756963201458
Player_176,0.21920136076519242,-0.02960137631629406,0.7619855619716972,1.1162375053595466
Player_177,-0.33874493017871193,-1.3990281365252513,-1.462817561173855,1.0285022647005138
Player_178,-1.426024881761705,1.3600134933797732,1.4845711917112783,0.4378437547519048
Player_179,0.1476697850031534,-1.0115285905365579,0.7619855619716972,-0.9904445134571567
Player_180,1.1491118456716995,-0.09745585542574689,-0.1127233582393746,0.052706773118748676
Player_181,-1.5977006635905986,-1.630630614807929,-0.47401617310916516,0.32558409642833885
Player_182,-0.5247270271600134,-1.4534238759766307,-0.5120469957270378,0.075849533450068
Player_183,-1.2114301544755879,0.01582187002970329,0.21053863401254325,-0.8388076211370168
Player_184,-0.03831231197814806,-0.28699977227694573,-0.3218928826376744,0.04199892878634693
Player_185,1.120499215366884,-1.4831452593882093,-1.3867559159381098,-0.0409005112064404
Player_186,0.7485350214042812,0.08143322586281058,-1.5388792064096004,1.7037872863084251
Player_187,-0.9109975362750241,1.496283232417765,1.0091859089878696,1.362172510671482
Player_188,-0.4388891362455666,-0.4574771412792074,1.1803246107682968,-0.1369256958647522
Player_189,1.4924634093294868,-0.19783562204221017,-0.9874322784504465,0.41401016575397853
Player_190,1.635526560853565,1.6908741766407414,1.3894941351665966,0.8457780823830782
Player_191,-1.06836700295151,-0.29933695029684626,0.07743075484998885,-1.617026114069306
Player_192,-0.4388891362455666,-1.2324762332565944,0.09644616615892519,1.3535371523389
Player_193,0.07613820924111438,0.42575264878185226,-0.7782627540521466,1.233332964349358
Player_194,1.3637065729578166,-0.9806856454868065,-0.3979545278734198,-0.1576505558629488
Player_195,1.4638507790246713,0.983168782953721,-0.5310624070359742,-0.3863148445097201
Player_196,0.34795819713686266,1.000552988345399,1.6747253048006419,-0.794594586474197
Player_197,1.4924634093294868,-0.6599190169693931,-0.22681582609299267,-0.09098558953541655
Player_198,1.5783013002439337,-0.9156350704727856,0.5147852149555248,-1.5842117524054944
Player_199,0.23350767591760022,0.45547403219343074,0.5718314488823338,1.2060452320183992
Player_200,0.6340845001850187,0.297894622030156,0.8950934411342517,-1.6152990424027893
Player_201,-1.3974122514568894,0.0674137053856509,1.3704787238576603,-0.6008171454910571
Player_202,-1.2972680453900347,0.2502282524078131,-0.26484664871086533,1.4803042126612032
Player_203,-1.6263132938954143,1.303374630652048,-1.0444785123772555,0.8019104620535623
Player_204,0.4767150335085329,-0.5572961270765843,-1.6910024968810913,-0.7655797824767213
Player_205,-0.7965470150557616,1.7048936971179012,-0.9494014558325737,-0.8650591104680657
Player_206,0.8629855426235435,-0.22755700545378868,-0.49303158441810147,-1.719959585393683
Player_207,1.6641391911583805,0.9242867969496503,1.142293788150424,0.6654718003987662
Player_208,-0.5819522877696446,1.4564677942626316,-0.5690932296538469,-1.5690135217401502
Player_209,-1.4117185666092973,1.1620578642422785,-0.49303158441810147,0.10210102278111693
Player_210,-0.8680785908178007,0.3545334847578811,0.0584153435410525,1.585655584318704
Player_211,0.619778185032611,1.6179726701595112,-0.3409082939466107,-1.3593470214250591
Player_212,-1.1685112090183645,-1.5280077249151203,-1.5008483837917277,1.3521554950056862
Player_213,-0.9253038514274319,1.5024518214277154,0.2866002792482886,1.687207398309868
Player_214,0.834372912318728,-1.4534238759766307,-1.4438021498649187,-1.5251459014106332
Player_215,1.6927518214631962,-1.0962064942186023,-0.5690932296538469,1.3120874323425058
Player_216,0.10475083954592998,0.6573551270645301,-1.1395555689219372,0.04510765778607657
Player_217,-1.4117185666092973,-1.4702473005492225,-1.0444785123772555,1.3936052150020803
Player_218,-1.4117185666092973,1.6824624643544457,1.4275249577844693,0.23577636976948635
Player_219,-0.26721335441667293,1.3521625619125637,-1.6149408516453458,0.5494125844088648
Player_220,-1.1828175241707723,-1.6401638887323977,-0.13173876954831096,0.1407874281110844
Player_221,-0.6105649180744602,0.47734448413779984,0.6288776828091428,1.2485311950147022
Player_222,-1.3831059363044815,0.583332058945127,-0.22681582609299267,0.7974200757206188
Player_223,0.905904488080767,-0.45859870291738014,1.2183554333861695,0.06306920311784649
Player_224,-0.7393217544461305,-0.8416120023533825,-0.5310624070359742,1.2613115253469238
Player_225,0.018912948631483156,-1.459592464986581,0.8000163845895699,-0.8902743567992053
Player_226,-0.49611439685519776,-0.3015800735731918,-0.017646301694692876,-1.1942389701060914
Player_227,1.2921749971957777,0.9119496189297498,-0.911370633214701,-1.1835311257736896
Player_228,1.4924634093294868,0.14424067760048592,-0.017646301694692876,-0.5838918431591961
Player_229,0.905904488080767,1.2147712612363988,1.0662321429146788,-0.9130717027972217
Player_230,1.40662551841504,-1.7814806551421671,-0.9494014558325737,1.4751229976616538
Player_231,0.03321926378389096,0.9310161667786869,-0.3409082939466107,-1.3721273517572805
Player_232,-0.08123125743537148,-0.10082054034026522,-0.9684168671415101,0.6768704733977748
Player_233,-1.426024881761705,0.6567943462454437,0.26758486793935227,-1.0840517977823452
Player_234,0.905904488080767,-0.2140982657957154,-1.4438021498649187,1.3075970460095634
Player_235,-0.08123125743537148,1.2719709047832104,-1.1015247463040645,1.5828922696522771
Player_236,-0.1527628331974105,0.17732674592658276,1.693740716109578,-0.12967199486538306
Player_237,1.120499215366884,-0.05483651317518148,0.6669085054270155,1.2989616876769814
Player_238,1.5210760396343026,-1.207241096397707,1.4465403690934056,-1.719959585393683
Player_239,-1.7693764454194922,-0.39466968954153203,0.13447698877679787,1.0944764023614402
Player_240,-0.33874493017871193,-1.2661230824017775,-1.2726634480844916,-0.9479585504608531
Player_241,1.0203550093000293,-0.65262886632127,-0.5120469957270378,1.4012043303347523
Player_242,1.048967639604845,1.0325174950333231,1.0091859089878696,-1.7337761587258145
Player_243,0.40518345774649384,1.1132699329817628,1.1993400220772332,0.18361880544069142
Player_244,0.1476697850031534,-0.18942390975591436,1.0472167316057424,0.8758291293804636
Player_245,-0.9253038514274319,-0.014460294200961609,-0.7022011088164013,-0.8439888361365657
Player_246,0.5482466092705719,0.7902601811880038,0.26758486793935227,-1.0705806387835173
Player_247,1.40662551841504,-1.213409685407657,0.26758486793935227,-1.4470822620840924
Player_248,-1.0826733181039176,1.129532576735268,1.693740716109578,-0.6101433324902455
Player_249,1.5353823547867103,-1.4511807527002853,-0.9684168671415101,0.19605372143960897
Player_250,0.6483908153374265,0.5665086343725354,1.693740716109578,-1.3375859184269527
Player_251,0.3622645122892704,0.8558715370211111,0.8380472072074426,-0.4363999228386958
Player_252,1.1491118456716995,-1.3272481916821937,-0.43598535049129244,-1.7061430120615522
Player_253,-0.9682227968846553,-0.43784981261118383,0.857062618516379,1.0903314303618006
Player_254,-0.12415020289259489,0.0023631303716300026,1.693740716109578,-1.2940637124307393
Player_255,0.4767150335085329,-0.0105348284673569,-0.911370633214701,-0.7590169101439591
Player_256,-0.4388891362455666,-0.9969482892403118,-1.4247867385559825,-1.674019479064347
Player_257,1.2778686820433698,1.106540563152726,0.4006927471019067,-0.24469496785537562
Player_258,1.5210760396343026,1.3751545754951056,1.2754016673129787,1.164250097688702
Player_259,0.762841336556689,-1.1937823567396335,-1.0825093349951282,-0.3828607011766875
Player_260,-0.1956817786546339,1.678536998620841,1.237370844695106,-1.1175569881127634
Player_261,-0.9253038514274319,1.229351562532645,1.408509546475533,0.8658121137146688
Player_262,1.635526560853565,-0.18325532074596412,1.2754016673129787,0.9870525447041197
Player_263,0.8486792274711358,-0.3582189363009169,-0.9874322784504465,-1.1372456051110504
Player_264,-1.06836700295151,-1.1792020554433875,0.13447698877679787,0.9252233790428329
Player_265,-1.640619609047822,-0.9980698508784845,1.237370844695106,1.5345342629898178
Player_266,-1.2543490999328113,1.5994669031296604,-1.0825093349951282,-1.162806265775493
Player_267,0.04752557893629877,-0.04698558170797206,-0.07469253562150191,0.9255687933761358
Player_268,0.06183189408870657,1.2456142062861502,-0.4550007618002288,0.71003024939489
Player_269,-0.1956817786546339,-0.523649277931401,-1.5198637951006642,-0.10169343386781732
Player_270,-0.3673575604835275,0.2238715539107529,-1.6149408516453458,-1.5375808174095513
Player_271,-0.1956817786546339,1.2871119868985428,0.6288776828091428,-1.4795512094146006
Player_272,0.8200665971663201,-1.0833085353796152,-0.30287747132873805,1.2067360606850062
Player_273,-0.6534838635316836,-0.8208631120471862,0.13447698877679787,1.6823715976436215
Player_274,0.8629855426235435,-1.0962064942186023,0.5338006262644611,0.5977705910713241
Player_275,-0.1956817786546339,-1.5818426835474135,-0.9874322784504465,-0.19702778985952318
Player_276,-1.7836827605719001,-0.9195605362063903,0.971155086369997,0.4993275060798886
Player_277,0.04752557893629877,-1.5756740945374632,1.3134324899308512,0.315567080762544
Player_278,1.335093942653001,0.5564145796289804,-0.8162935766700193,-0.4125663338407695
Player_279,-1.0397543726466942,-1.1191985078011442,0.362661924484034,-1.510983913745199
Player_280,-0.5676459726172368,-1.2139704662267434,1.7127561274185146,1.1000030316942926
Player_281,1.4638507790246713,-0.8371257558006914,-1.4247867385559825,-0.4533252251705563
Player_282,1.3923192032626324,-0.10025975952117883,1.2754016673129787,1.0906768446951036
Player_283,1.40662551841504,0.09320962306362471,0.8760780298253154,-0.8654045248013692
Player_284,0.03321926378389096,-0.84665902972516,-1.6149408516453458,-1.734121573059118
Player_285,0.2907329365272314,-0.2225099780820112,1.2754016673129787,-1.188712340773239
Player_286,-0.009699681673332452,1.1110268097054172,-0.8162935766700193,-0.11930956486628524
Player_287,0.04752557893629877,-0.6201035788142596,-0.4169699391823561,1.5241718329907201
Player_288,-1.0540606877991021,0.4857561964240956,-0.26484664871086533,-1.3845622677561986
Player_289,0.6483908153374265,-1.4618355882629266,1.5796482482559602,1.2129535186844644
Player_290,1.3064813123481855,1.490114643407815,0.7619855619716972,0.0827578201161332
Player_291,0.4767150335085329,0.1582601980776456,1.237370844695106,1.1152012623596368
Player_292,1.0203550093000293,0.45659559383160353,0.09644616615892519,-0.7068593458151637
Player_293,0.4767150335085329,0.11339773255073464,0.4767543923376521,1.1635592690220962
Player_294,-0.839465960512985,0.5317402235891794,1.408509546475533,0.9317862513755951
Player_295,0.8057602820139124,0.8009150167506451,-1.025463101068319,-0.9427773354613037
Player_296,1.0918865850620685,0.8575538794783703,-1.2156172141576826,-1.2840466967649444
Player_297,0.8200665971663201,-1.1646217541471415,-0.8923552219057648,1.2609661110136208
Player_298,-0.052618627130555866,0.21826374571988902,-1.1966018028487462,1.5894551419850393
Player_299,0.26212030622241583,-1.2554682468391363,-0.3979545278734198,-1.6294610300682242
Player_300,-1.2686554150852192,1.3790800412287103,1.1042629655325515,0.7884393030547339
Player_301,-1.4689438272189284,-1.6065170395872144,-1.5008483837917277,1.403967645001178
Player_302,-0.8251596453605773,0.8996124409098493,-0.30287747132873805,1.2240067773501702
Player_303,-0.1527628331974105,-1.3603342600082906,0.26758486793935227,1.593945528317982
Player_304,-0.41027650594075094,-1.0855516586559608,-0.9874322784504465,0.8879186310460783
Player_305,1.0203550093000293,-0.7636634685003747,0.8380472072074426,-0.2098081201917447
Player_306,1.2492560517385543,-0.13895363603813954,-1.2726634480844916,-0.6598829964859177
Player_307,0.176282415307969,-0.742353797375092,-0.8162935766700193,-0.6298319494885327
Player_308,1.621220245701157,0.541273497513648,0.0013691096142434687,0.7646057140568077
Player_309,0.247813991070008,-1.5790387794519816,-0.8353089879789557,0.83852438138371
Player_310,-0.42458282109315876,-1.1808843979006467,0.32463110186616134,-1.0453653924523778
Player_311,1.0632739547572527,-1.003116878250262,0.9521396750610607,1.2609661110136208
Player_312,-0.03831231197814806,0.0674137053856509,0.971155086369997,0.7317913523929964
Player_313,0.8629855426235435,-1.400149698163424,0.26758486793935227,0.20641615143870776
Player_314,-0.8108533302081694,-1.3412677121593535,0.4006927471019067,-0.10894713486718646
Player_315,1.1634181608241074,0.95849442691392,0.26758486793935227,0.13871494211126467
Player_316,-0.48180808170279,1.0745760564648021,-0.5690932296538469,-1.1876760977733292
Player_317,-1.7693764454194922,-1.787088463333031,1.5416174256380875,-1.0339667194533695
Player_318,0.30503925167963925,-0.6812286880946758,0.19152322270360692,-1.4225578444195592
Player_319,0.8629855426235435,0.17227971855480528,-0.4169699391823561,-1.2066738861050095
Player_320,0.5339402941181641,0.8188600029614096,0.8190317958985063,-0.1704308861951703
Player_321,0.2907329365272314,1.6802193410781001,0.5718314488823338,0.09450190744844482
Player_322,-0.5247270271600134,-0.8231062353235318,-1.0064476897593828,-1.675746550730863
Player_323,0.977436063842806,0.8917615094426399,-0.3409082939466107,1.0146856913683824
Player_324,0.2907329365272314,1.0925210426755665,0.7049393280448882,-0.7213667478139015
Player_325,0.30503925167963925,0.4795876074141454,0.305615690557225,1.4119121746671541
Player_326,-0.4388891362455666,-0.21690216989114733,0.03939993223211616,1.6043079583170807
Player_327,1.0346613244524372,-0.02006810239182548,-1.120540157613001,-1.0968321281145668
Player_328,-1.06836700295151,0.548563648161771,0.6098622715002064,-0.14141608219769466
Player_329,1.5210760396343026,-0.28531742981968655,0.8950934411342517,-1.733430744392511
Player_330,0.49102134866094066,1.1373835082024775,-0.740231931434274,0.3290382397613724
Player_331,0.5911655547277953,1.3880525343340924,-1.1585709802308735,0.36012552975866685
Player_332,0.018912948631483156,-1.1606962884135368,-0.9494014558325737,-0.8826752414665332
Player_333,-1.2543490999328113,1.378519260409624,-0.9303860445236374,0.19121792077336353
Player_334,-0.6391775483792759,1.3073000963856527,-1.5008483837917277,-0.9586663947932549
Player_335,-0.3244386150263041,0.10778992435987077,1.1613091994593605,-1.1821494684404767
Player_336,0.03321926378389096,1.6095609578732153,-1.6910024968810913,0.512798665078717
Player_337,-1.6549259242002299,-1.1573316034990184,-0.8353089879789557,-0.6118704041567617
Player_338,1.335093942653001,0.03152373296412213,0.21053863401254325,0.30140509309710967
Player_339,0.834372912318728,1.3039354114711343,1.1232783768414878,-0.24124082452234302
Player_340,1.2921749971957777,1.0891563577610481,0.0013691096142434687,1.662682980645335
Player_341,0.7342287062518733,0.09320962306362471,0.38167733579297036,-1.2208358737704443
Player_342,0.34795819713686266,0.14816614333409064,1.408509546475533,-0.1327807238651127
Player_343,0.46240871835612507,-1.0788222888269243,-0.6261394635806559,0.6129688217366683
Player_344,1.3637065729578166,0.17788752674566916,-1.6910024968810913,-0.3714620281776793
Player_345,-1.2114301544755879,0.0057278152861483245,-0.5120469957270378,1.6291777903149167
Player_346,-0.39597019078834317,-0.34588175828101636,-0.6641702861985286,0.7559703557242257
Player_347,-1.7121511848098612,-1.5981053273009187,0.4767543923376521,0.5317964534103968
Player_348,0.247813991070008,1.0156940704607313,1.4845711917112783,0.8775562010469805
Player_349,-0.5247270271600134,-1.102935864047639,1.0091859089878696,1.5528412226548918
Player_350,-0.2099880938070417,-0.3010192927541054,1.1232783768414878,1.3980956013350228
Player_351,1.6784455063107884,-0.2741018134379588,1.6176790708738327,0.7642602997235047
Player_352,-0.9539164817322475,0.9775609747628571,-0.7022011088164013,0.8502684687160207
Player_353,-0.1956817786546339,-1.6614735598576804,0.8950934411342517,-1.2336162041026653
Player_354,-1.7836827605719001,-0.16867501944971805,1.7127561274185146,-1.3824897817563788
Player_355,0.03321926378389096,-1.4876315059409004,-0.6261394635806559,0.2343947124362735
Player_356,-1.125592263561141,0.6438963874064568,0.5147852149555248,-1.674019479064347
Player_357,0.1905887304603768,1.0134509471843858,1.2183554333861695,-0.07129697253712886
Player_358,1.0060486941476217,-1.2195782744176074,1.5035866030202147,-1.0111693734553533
Player_359,-1.282961730237627,1.2041164256737575,-1.0444785123772555,-0.5424421231628029
Player_360,0.4767150335085329,0.4851954156050093,-0.5120469957270378,0.942148681374694
Player_361,-1.6835385545050454,0.2238715539107529,-1.234632625466619,1.5134639886583183
Player_362,1.5210760396343026,-0.3223289638793881,0.0013691096142434687,-1.487495739080576
Player_363,-0.39597019078834317,-1.559411450783958,-0.2838620600198017,0.10762765211396928
Player_364,0.2907329365272314,-0.30326241603045095,-0.9874322784504465,1.310705775009293
Player_365,-1.125592263561141,0.9220436736733048,0.7619855619716972,-1.4526088914169448
Player_366,1.1634181608241074,0.4577171554697763,0.857062618516379,1.1103654616933902
Player_367,0.06183189408870657,0.8497029480111609,1.3704787238576603,-0.5016832318330157
Player_368,0.30503925167963925,0.2552752797795906,0.020384520923179814,-0.6249961488222867
Player_369,0.3622645122892704,1.52656539664843,-1.3867559159381098,1.6388493916474087
Player_370,-1.0397543726466942,1.1216816452680585,0.7239547393538246,-1.0436383207858615
Player_371,-0.09553757258777927,0.955690522818488,1.5416174256380875,0.6568364420661842
Player_372,0.49102134866094066,1.577035670366205,0.34364651317509765,1.0996576173609887
Player_373,0.3622645122892704,-0.45523401800286184,1.693740716109578,-1.595265011071199
Player_374,-0.1527628331974105,-0.30326241603045095,1.1803246107682968,0.5780819740730364
Player_375,-0.7393217544461305,-1.343510835435699,-1.234632625466619,1.549041664988556
Player_376,-0.1956817786546339,-0.20400421105216043,1.7127561274185146,-1.308571114429477
Player_377,1.048967639604845,-0.9750778372959427,-0.03666171300362922,1.3580275386718423
Player_378,0.5339402941181641,0.0023631303716300026,1.3514633125487239,0.31694873809575685
Player_379,0.5625529244229797,0.6534296613309254,1.6557098934917054,0.39224906275587207
Player_380,-0.3244386150263041,1.3420685071690086,-1.1585709802308735,0.3794687324236506
Player_381,-0.6105649180744602,-1.7186732034044918,-0.5120469957270378,-0.7054776884819509
Player_382,1.4352381487198558,0.8323187426194828,1.142293788150424,1.4927391286601217
Player_383,-0.2099880938070417,-0.8309571667907412,1.2183554333861695,1.5348796773231217
Player_384,1.2921749971957777,-0.7715143999675841,1.2563862560040422,0.4223001097532576
Player_385,-0.39597019078834317,-1.856625284899743,0.45773898102871574,0.9684001707057429
Player_386,0.37657082744167825,-0.2516705806745033,-0.7782627540521466,0.3773962464238308
Player_387,-0.48180808170279,-1.41472999945967,-0.16976959216618365,-0.06438868587106365
Player_388,0.2764266213748236,0.9265299202259959,-0.1127233582393746,0.5449221980759222
Player_389,0.018912948631483156,1.0117686047271268,0.2866002792482886,0.1725655467749867
Player_390,-0.23860072411185732,-1.2924797808988377,1.6557098934917054,0.32627492509494577
Player_391,-0.6391775483792759,-0.8388080982579506,1.1042629655325515,0.9697818280389557
Player_392,0.9631297486903982,0.6444571682255432,0.5338006262644611,-0.07647818753667825
Player_393,-1.0397543726466942,-0.10306366361661076,-0.07469253562150191,-1.5966466684044125
Player_394,0.5196339789657562,-0.6318799760150737,-0.5120469957270378,-1.1710962097747715
Player_395,1.1634181608241074,-1.7366181896152564,0.26758486793935227,-0.2225884505239652
Player_396,0.8915981729283592,1.1429913163933414,-0.7782627540521466,0.7659873713900205
Player_397,0.6054718698802031,1.6824624643544457,-0.35992370525554707,0.3117675230962085
Player_398,1.4495444638722634,1.4458129586999904,-1.6910024968810913,0.5086536930790775
Player_399,0.49102134866094066,0.9130711805679226,0.971155086369997,-0.08200481686953061
Player_400,-0.839465960512985,0.4700543334896768,1.693740716109578,0.38914033375614243
Player_401,-1.3401869908472581,1.1306541383734408,0.6288776828091428,-0.6011625598243601
Player_402,0.21920136076519242,0.3393924026425486,-0.5310624070359742,-0.11343752120012894
Player_403,-1.5118627726761518,0.8211031262377552,-1.1015247463040645,0.8333431663841606
Player_404,-1.125592263561141,1.2674846582305193,1.294417078621915,1.2737464413458424
Player_405,0.30503925167963925,0.3814509640740277,-1.1585709802308735,-0.23951375285582624
Player_406,0.018912948631483156,-0.9459172347034506,-0.7782627540521466,-1.586629652738617
Player_407,0.1333634698507456,-0.6548719895976156,1.5796482482559602,-1.1790407394407472
Player_408,0.11905715469833779,-1.5756740945374632,-1.1395555689219372,-1.665384120731765
Player_409,0.977436063842806,-1.646332477742348,1.028201320296806,0.5190161230781762
Player_410,0.26212030622241583,-1.6351168613606202,1.4845711917112783,-0.5897638868253519
Player_411,0.018912948631483156,0.7252096061739829,-1.348725093320237,0.13629704177814195
Player_412,-1.3401869908472581,0.7016568117723546,-1.3677405046291733,-0.03364681020707125
Player_413,0.7056160759470578,-0.7401106740987464,-1.6910024968810913,-1.4560630347499772
Player_414,1.1061929002144761,-0.3161603748694378,-0.22681582609299267,-0.3445197101800235
Player_415,0.8629855426235435,-0.9262899060354269,0.4767543923376521,-0.9755916971251154
Player_416,-0.16706914834981829,1.4968440132368515,1.6176790708738327,-0.29236214585122805
Player_417,1.2492560517385543,-1.0429323164053954,0.4387235697197794,-1.034312133786673
Player_418,-0.10984388774018708,0.17732674592658276,0.45773898102871574,1.165631755021916
Player_419,-1.4975564575237441,-0.3341053610802022,1.4465403690934056,-1.1358639477778372
Player_420,1.5926076153963415,0.8351226467149148,1.693740716109578,1.5811651979857615
Player_421,0.44810240320371725,0.48126994987140453,-0.5120469957270378,-0.30099750418381005
Player_422,-1.2686554150852192,1.090277919399221,0.8000163845895699,1.1853203720202026
Player_423,1.4781570941770792,1.5013302597895426,0.742970150662761,0.43438961141887217
Player_424,-0.2529070392642651,-0.7131931947825999,-1.5578946177185369,0.8026012907201682
Player_425,-1.0826733181039176,0.4633249636606402,1.2754016673129787,0.9141701203771282
Player_426,0.7914539668615046,0.8188600029614096,-0.6641702861985286,0.006075838122805133
Player_427,-1.6978448696574533,-1.4601532458056674,0.24856945663041594,0.1390603564445686
Player_428,-1.426024881761705,1.2590729459442234,0.7810009732806336,0.037853956786707416
Player_429,-1.426024881761705,0.6865157296570222,-1.1015247463040645,0.29380597776443756
Player_430,1.420931833567448,0.9287730435023415,-1.5198637951006642,-1.6360239024009864
Player_431,-1.5118627726761518,0.7083861816013913,0.38167733579297036,-0.3714620281776793
Player_432,-1.3831059363044815,-0.839368879077037,1.3704787238576603,0.35632597209233124
Player_433,-0.42458282109315876,-0.6946874277527492,0.6478930941180792,0.3269657537615527
Player_434,-1.4117185666092973,0.055637308184836774,-0.055677124312565565,1.001559946702858
Player_435,-0.22429440895944952,1.636478437189362,-0.6641702861985286,0.5248881667443316
Player_436,0.9345171183855826,-0.9790033030295473,-1.1015247463040645,1.689279884309688
Player_437,1.40662551841504,1.6695645055154587,1.6747253048006419,-0.7569444241441394
Player_438,1.0060486941476217,-1.7220378883190102,0.857062618516379,-0.4968474311667697
Player_439,-0.9396101665798396,-1.484266821026382,0.0584153435410525,-0.4118755051741631
Player_440,-1.125592263561141,0.6803471406470719,-1.5578946177185369,-0.12863575186547316
Player_441,0.2907329365272314,-0.6475818389494926,-0.47401617310916516,1.1500881100232676
Player_442,-1.7550701302670846,-1.4298710815750026,-0.6261394635806559,-0.923088718463017
Player_443,-1.3115743605424426,0.360141292948745,-0.43598535049129244,0.9428395100412998
Player_444,0.9345171183855826,0.5850144014023861,-0.3409082939466107,-0.3376114235139578
Player_445,-1.1112859484087334,-0.7490831672041287,-0.6831856975074649,0.34147315576029
Player_446,-1.569088033285783,-1.2577113701154816,-0.43598535049129244,0.4471699417510937
Player_447,0.6483908153374265,-1.7298888197862197,-0.740231931434274,-0.44987108183752367
Player_448,1.335093942653001,-1.6440893544660025,0.13447698877679787,0.03301815612046099
Player_449,0.44810240320371725,-0.1585809647061631,0.03939993223211616,-0.3110145198496054
Player_450,1.349400257805409,0.8626009068501478,-1.5578946177185369,-1.4988944120795844
Player_451,-1.1542048938659568,-0.8253493585998773,1.3704787238576603,-0.22742425119021165
Player_452,-0.1384565180450027,0.78465237299714,-1.0444785123772555,-1.4011421557547563
Player_453,-1.7264574999622688,-0.2836350873624274,0.11546157746786154,-0.3386476665138677
Player_454,-0.39597019078834317,0.030402171325949356,-0.03666171300362922,0.31038586576299465
Player_455,-0.03831231197814806,-0.0234327873063438,-0.22681582609299267,0.2637549307670521
Player_456,1.5210760396343026,-1.159574726775364,-1.1015247463040645,0.5511396560753805
Player_457,-1.282961730237627,0.3707961285113863,0.5718314488823338,-1.4083958567541248
Player_458,-1.4689438272189284,0.7588564553191661,-0.8353089879789557,0.5148711510785368
Player_459,-0.48180808170279,-0.6716954141702073,1.028201320296806,-0.6595375821526147
Player_460,1.635526560853565,0.6786647981898128,1.4275249577844693,-0.35937252651206425
Player_461,-1.1542048938659568,-0.6559935512357884,0.9901704976789334,1.2260792633499897
Player_462,0.7771476517090967,0.8631616876692342,-0.6641702861985286,-1.7064884263948552
Player_463,-0.45319545139797435,-1.1163946037057122,1.6366944821827691,0.29484222076434746
Player_464,-0.39597019078834317,1.638160779646621,-1.5769100290274731,0.3304198970945853
Player_465,0.8772918577759514,-1.100131959952207,-0.30287747132873805,-0.36731705617803984
Player_466,1.40662551841504,-0.4698143192991079,-1.5769100290274731,-0.9189437464633775
Player_467,-0.1527628331974105,0.6853941680188494,1.3514633125487239,-0.9268882761293531
Player_468,0.9202108032331748,-0.7305774001742779,1.1613091994593605,1.3148507470089326
Player_469,1.2349497365861464,-1.1152730420675394,-0.09370794693043825,-0.21084436319165456
Player_470,0.4767150335085329,0.5743595658397448,1.085247554223615,-0.5945996874915979
Player_471,1.2635623668909621,0.5278147578555746,0.419708158410843,-0.18735618852703131
Player_472,0.49102134866094066,-1.100131959952207,0.6669085054270155,0.5746278307400038
Player_473,-0.8537722756653928,1.0067215773553493,1.085247554223615,-1.2339616184359687
Player_474,0.018912948631483156,0.7386683458320562,-1.025463101068319,-0.18528370252721155
Player_475,-1.5547817181333752,0.8603577835738022,-1.1585709802308735,0.29311514909783065
Player_476,-1.4546375120665207,-0.0800716500340689,-0.1507541808572473,1.5390246493227613
Player_477,1.5353823547867103,-0.6683307292556889,-1.6719870855721548,-0.8654045248013692
Player_478,1.3780128881102245,-0.6391701266631968,0.742970150662761,-0.49650201683346623
Player_479,-1.0397543726466942,0.8816674546990849,-0.8162935766700193,-0.42707373583950736
Player_480,-0.9825291120370631,-1.7848453400566855,1.1042629655325515,0.3539080717592085
Player_481,-0.8537722756653928,1.6863879300880504,-1.5008483837917277,-0.5054827894993517
Player_482,-0.3244386150263041,0.08535869159641529,0.7619855619716972,0.10520975178084657
Player_483,0.6770034456422421,1.1940223709302025,0.5528160375733975,0.9628735413728905
Player_484,-1.4689438272189284,-0.2735410326188724,0.9521396750610607,0.6989769907291843
Player_485,-0.1813754635022261,0.1453622392386587,-1.3297096820113006,-0.19564613252631033
Player_486,-1.354493305999666,1.4867499584932966,-1.6149408516453458,1.2474949520147924
Player_487,0.6913097607946499,-0.16194564962068142,-1.0064476897593828,0.19018167777345366
Player_488,-0.5819522877696446,0.47341901840419515,1.4465403690934056,0.127316269112257
Player_489,0.34795819713686266,-0.40756764838051895,0.8950934411342517,-1.6194440144024287
Player_490,0.9631297486903982,1.6129256427877336,-0.7022011088164013,1.67062751031131
Player_491,0.004606633479075352,1.261316069220569,1.5606328369470237,-1.3127160864291165
Player_492,0.40518345774649384,0.5496852097999437,0.17250781139467056,-0.9393231921282711
Player_493,1.5353823547867103,1.6538626425810399,-0.07469253562150191,-1.558996506074355
Player_494,0.04752557893629877,0.2793888550003052,0.34364651317509765,0.47307601674883965
Player_495,1.3064813123481855,0.45883871710794905,-1.2536480367755554,-0.961429709459681
Player_496,-1.569088033285783,0.28219275909573716,-0.16976959216618365,-1.115829916446247
Player_497,-0.3244386150263041,0.4050037584756559,1.294417078621915,-1.4315386170854447
Player_498,0.49102134866094066,-0.7928240710928669,0.5718314488823338,-1.3807627100898625
Player_499,0.1476697850031534,1.645450930294744,-0.5881086409627833,0.28206189043212593
Player_500,-1.1971238393231802,-1.4354788897658664,0.7239547393538246,0.6395657254010202
