song_id,danceability,energy,tempo,popularity
song_001,0.319,0.647,88.1,45
song_002,0.531,0.463,172.2,49
song_003,0.31,0.971,189.0,58
song_004,0.35,0.22,157.2,35
song_005,0.892,0.397,164.2,63
song_006,0.531,0.606,189.3,53
song_007,0.576,0.607,142.7,51
song_008,0.44,0.659,106.9,47
song_009,0.688,0.786,170.5,59
song_010,0.687,0.686,143.7,64
song_011,0.542,0.668,139.7,50
song_012,0.516,0.242,100.4,33
song_013,0.875,0.494,160.8,63
song_014,0.549,0.381,79.8,42
song_015,0.621,0.407,180.9,52
song_016,0.484,0.632,109.1,46
song_017,0.811,0.356,85.3,50
song_018,0.558,0.429,123.1,50
song_019,0.634,0.385,75.1,49
song_020,0.465,0.94,152.2,62
song_021,0.942,0.937,178.3,80
song_022,0.489,0.676,170.5,54
song_023,0.801,0.921,85.3,70
song_024,0.578,0.813,85.2,53
song_025,0.434,0.66,167.6,58
song_026,0.82,0.205,180.9,60
song_027,0.517,0.803,125.3,60
song_028,0.862,0.748,129.9,66
song_029,0.895,0.68,108.2,69
song_030,0.859,0.793,177.3,77
song_031,0.323,0.6,147.4,37
song_032,0.812,0.749,104.6,74
song_033,0.567,0.929,105.9,52
song_034,0.868,0.493,176.9,67
song_035,0.715,0.752,71.6,67
song_036,0.842,0.571,108.7,61
song_037,0.625,0.726,136.5,58
song_038,0.648,0.795,87.8,62
song_039,0.394,0.235,81.1,41
song_040,0.81,0.704,167.8,66
song_041,0.573,0.377,177.3,44
song_042,0.625,0.723,168.8,58
song_043,0.81,0.565,177.9,56
song_044,0.689,0.803,136.4,68
song_045,0.431,0.296,167.5,37
song_046,0.684,0.689,116.1,58
song_047,0.565,0.417,150.0,52
song_048,0.605,0.865,188.7,63
song_049,0.318,0.924,97.1,54
song_050,0.437,0.977,116.8,52
song_051,0.483,0.821,127.6,60
song_052,0.763,0.788,86.6,65
song_053,0.307,0.368,79.7,32
song_054,0.566,0.462,169.6,51
song_055,0.901,0.563,187.2,61
song_056,0.373,0.803,118.6,50
song_057,0.636,0.914,80.5,61
song_058,0.811,0.348,77.9,45
song_059,0.913,0.919,177.0,75
song_060,0.785,0.743,125.7,64
song_061,0.768,0.676,108.4,58
song_062,0.837,0.356,127.2,43
song_063,0.59,0.243,108.2,47
song_064,0.824,0.643,128.7,63
song_065,0.305,0.708,173.1,36
song_066,0.901,0.364,141.1,70
song_067,0.588,0.634,153.4,61
song_068,0.66,0.868,113.8,61
song_069,0.466,0.851,158.6,53
song_070,0.783,0.923,150.0,74
song_071,0.35,0.485,84.3,39
song_072,0.867,0.448,138.7,63
song_073,0.838,0.785,100.8,63
song_074,0.44,0.536,166.5,53
song_075,0.826,0.268,121.1,50
song_076,0.811,0.421,189.4,63
song_077,0.711,0.526,81.1,49
song_078,0.543,0.428,163.6,61
song_079,0.476,0.459,150.8,49
song_080,0.451,0.429,162.1,58
song_081,0.507,0.232,106.9,42
song_082,0.887,0.697,129.0,65
song_083,0.35,0.666,165.6,51
song_084,0.839,0.71,97.9,69
song_085,0.527,0.35,97.1,43
song_086,0.639,0.431,136.1,53
song_087,0.816,0.683,132.8,69
song_088,0.875,0.668,103.9,60
song_089,0.524,0.595,105.8,44
song_090,0.6,0.473,103.3,44
song_091,0.569,0.912,162.6,64
song_092,0.309,0.465,148.2,38
song_093,0.492,0.555,169.9,45
song_094,0.598,0.729,187.1,64
song_095,0.567,0.624,126.9,54
song_096,0.769,0.471,78.0,55
song_097,0.55,0.54,75.8,46
song_098,0.618,0.82,105.5,58
song_099,0.579,0.417,181.9,46
song_100,0.781,0.311,132.8,57
song_101,0.861,0.444,102.6,54
song_102,0.646,0.863,117.9,64
song_103,0.813,0.269,141.8,61
song_104,0.493,0.974,148.4,60
song_105,0.652,0.622,88.5,59
song_106,0.524,0.968,187.2,67
song_107,0.569,0.932,135.4,64
song_108,0.776,0.553,86.3,59
song_109,0.873,0.355,177.2,59
song_110,0.379,0.329,79.0,34
song_111,0.713,0.387,178.9,51
song_112,0.678,0.754,189.6,64
song_113,0.377,0.413,154.1,37
song_114,0.438,0.466,162.5,50
song_115,0.502,0.55,110.5,39
song_116,0.409,0.912,183.0,60
song_117,0.458,0.348,133.6,42
song_118,0.474,0.204,157.9,39
song_119,0.518,0.247,180.9,47
song_120,0.787,0.906,187.0,72
song_121,0.672,0.705,170.0,63
song_122,0.941,0.413,106.4,52
song_123,0.57,0.338,186.0,45
song_124,0.79,0.43,145.4,61
song_125,0.866,0.29,181.7,51
song_126,0.741,0.934,151.1,71
song_127,0.568,0.812,106.9,54
song_128,0.79,0.561,114.4,59
song_129,0.432,0.875,136.1,52
song_130,0.513,0.395,164.8,39
song_131,0.655,0.759,108.2,61
song_132,0.674,0.868,139.6,65
song_133,0.314,0.478,111.5,41
song_134,0.914,0.791,167.9,78
song_135,0.753,0.43,126.0,60
song_136,0.622,0.433,79.2,48
song_137,0.907,0.284,89.9,61
song_138,0.585,0.543,77.3,44
song_139,0.937,0.769,129.9,77
song_140,0.633,0.933,82.8,65
song_141,0.374,0.671,83.7,45
song_142,0.797,0.873,182.9,74
song_143,0.741,0.842,174.7,64
song_144,0.802,0.335,124.3,47
song_145,0.918,0.579,188.3,77
song_146,0.805,0.291,70.0,49
song_147,0.697,0.732,143.7,61
song_148,0.857,0.941,144.0,69
song_149,0.738,0.307,124.9,43
song_150,0.565,0.772,117.6,56
song_151,0.876,0.693,124.6,65
song_152,0.444,0.655,119.8,48
song_153,0.765,0.504,157.7,59
song_154,0.873,0.477,86.2,71
song_155,0.775,0.235,93.7,46
song_156,0.753,0.37,91.7,59
song_157,0.789,0.212,101.5,56
song_158,0.602,0.654,133.0,59
song_159,0.868,0.283,83.3,51
song_160,0.432,0.881,174.2,51
song_161,0.383,0.608,105.7,46
song_162,0.486,0.746,89.5,56
song_163,0.646,0.52,151.1,63
song_164,0.632,0.637,74.6,48
song_165,0.833,0.935,144.4,72
song_166,0.563,0.265,153.8,38
song_167,0.615,0.398,95.8,43
song_168,0.309,0.808,75.0,49
song_169,0.566,0.277,113.6,38
song_170,0.721,0.259,81.8,42
song_171,0.31,0.482,84.0,40
song_172,0.483,0.272,100.5,40
song_173,0.435,0.656,105.5,49
song_174,0.327,0.376,133.6,33
song_175,0.612,0.899,151.4,70
song_176,0.418,0.811,141.1,53
song_177,0.783,0.746,87.8,75
song_178,0.851,0.681,90.7,65
song_179,0.655,0.874,175.5,54
song_180,0.938,0.374,137.0,49
song_181,0.593,0.881,174.4,67
song_182,0.634,0.816,114.6,67
song_183,0.943,0.784,143.7,69
song_184,0.451,0.638,132.8,59
song_185,0.913,0.392,108.3,67
song_186,0.328,0.53,126.4,41
song_187,0.59,0.819,130.3,62
song_188,0.346,0.225,94.1,35
song_189,0.774,0.81,107.8,75
song_190,0.695,0.387,165.0,56
song_191,0.759,0.313,179.9,55
song_192,0.543,0.29,113.2,44
song_193,0.54,0.221,106.8,41
song_194,0.329,0.608,93.4,46
song_195,0.527,0.37,151.4,37
song_196,0.904,0.972,108.8,77
song_197,0.546,0.648,188.5,58
song_198,0.84,0.308,109.1,53
song_199,0.848,0.737,117.3,71
song_200,0.543,0.9,142.4,70
song_201,0.711,0.781,166.2,66
song_202,0.362,0.26,126.3,37
song_203,0.367,0.899,120.7,61
song_204,0.332,0.819,189.5,53
song_205,0.678,0.323,71.3,41
song_206,0.577,0.24,177.4,47
song_207,0.656,0.635,87.9,44
song_208,0.639,0.322,164.3,37
song_209,0.528,0.851,144.2,61
song_210,0.74,0.48,111.0,43
song_211,0.793,0.912,174.9,66
song_212,0.31,0.641,71.5,38
song_213,0.435,0.342,97.2,34
song_214,0.764,0.309,138.0,51
song_215,0.551,0.65,112.2,58
song_216,0.731,0.794,143.2,66
song_217,0.526,0.81,72.9,50
song_218,0.554,0.415,84.0,51
song_219,0.403,0.359,85.3,29
song_220,0.468,0.213,92.7,36
song_221,0.694,0.73,125.1,53
song_222,0.582,0.26,160.3,45
song_223,0.803,0.528,178.7,60
song_224,0.854,0.669,170.2,73
song_225,0.652,0.931,93.6,67
song_226,0.793,0.443,122.9,53
song_227,0.499,0.395,93.9,38
song_228,0.57,0.71,101.7,53
song_229,0.763,0.683,130.4,72
song_230,0.551,0.459,78.2,53
song_231,0.683,0.924,96.2,60
song_232,0.42,0.859,182.2,61
song_233,0.69,0.375,125.9,41
song_234,0.86,0.387,123.4,55
song_235,0.865,0.6,71.7,57
song_236,0.771,0.803,99.7,70
song_237,0.785,0.234,174.0,46
song_238,0.663,0.741,89.8,60
song_239,0.68,0.706,119.8,59
song_240,0.387,0.381,71.7,35
song_241,0.589,0.731,127.4,65
song_242,0.593,0.933,72.5,69
song_243,0.923,0.236,168.4,57
song_244,0.58,0.449,169.0,48
song_245,0.657,0.542,164.5,48
song_246,0.647,0.901,104.0,63
song_247,0.714,0.951,170.5,80
song_248,0.786,0.546,135.2,59
song_249,0.446,0.785,114.9,56
song_250,0.644,0.615,145.0,49
song_251,0.837,0.619,71.5,58
song_252,0.601,0.417,87.2,48
song_253,0.481,0.369,159.1,44
song_254,0.726,0.425,99.3,56
song_255,0.835,0.634,141.8,62
song_256,0.341,0.223,116.2,22
song_257,0.805,0.908,172.6,79
song_258,0.834,0.322,184.3,53
song_259,0.6,0.372,176.0,51
song_260,0.939,0.604,102.5,68
song_261,0.811,0.754,93.3,56
song_262,0.803,0.275,126.9,57
song_263,0.786,0.448,70.9,51
song_264,0.398,0.956,73.1,54
song_265,0.441,0.405,136.4,40
song_266,0.602,0.444,132.5,57
song_267,0.472,0.852,189.3,66
song_268,0.57,0.239,94.2,31
song_269,0.878,0.562,101.0,73
song_270,0.836,0.496,83.6,54
song_271,0.71,0.447,180.1,66
song_272,0.858,0.423,163.3,59
song_273,0.809,0.271,168.7,52
song_274,0.579,0.446,178.3,49
song_275,0.431,0.234,133.0,34
song_276,0.634,0.809,124.1,73
song_277,0.779,0.511,109.6,57
song_278,0.584,0.546,140.7,50
song_279,0.733,0.897,124.5,68
song_280,0.361,0.713,124.2,42
song_281,0.786,0.206,182.4,60
song_282,0.828,0.936,188.1,68
song_283,0.759,0.385,165.6,52
song_284,0.929,0.284,160.8,63
song_285,0.837,0.799,151.7,70
song_286,0.887,0.59,89.9,65
song_287,0.907,0.538,77.1,69
song_288,0.821,0.395,152.9,62
song_289,0.738,0.627,157.5,62
song_290,0.304,0.414,75.6,44
song_291,0.603,0.903,181.4,62
song_292,0.671,0.368,80.9,46
song_293,0.498,0.89,104.3,57
song_294,0.507,0.636,150.7,51
song_295,0.925,0.846,90.4,67
song_296,0.88,0.756,76.6,59
song_297,0.852,0.743,109.7,69
song_298,0.564,0.453,161.9,46
song_299,0.309,0.382,119.6,44
song_300,0.352,0.364,148.4,37
song_301,0.503,0.869,139.6,57
song_302,0.31,0.84,72.7,52
song_303,0.311,0.544,188.6,45
song_304,0.896,0.303,75.0,53
song_305,0.759,0.498,186.1,56
song_306,0.501,0.683,136.0,71
song_307,0.386,0.554,185.6,48
song_308,0.633,0.809,83.8,64
song_309,0.303,0.978,128.8,48
song_310,0.91,0.349,90.3,53
song_311,0.57,0.559,76.1,59
song_312,0.562,0.536,144.1,58
song_313,0.554,0.438,94.9,47
song_314,0.345,0.355,140.5,35
song_315,0.715,0.251,83.5,44
song_316,0.776,0.892,109.8,65
song_317,0.739,0.527,163.8,53
song_318,0.39,0.588,122.4,49
song_319,0.676,0.915,145.3,69
song_320,0.67,0.806,147.7,67
song_321,0.864,0.302,171.3,56
song_322,0.546,0.641,109.0,53
song_323,0.541,0.545,152.5,48
song_324,0.702,0.822,185.4,63
song_325,0.711,0.765,157.6,73
song_326,0.605,0.739,128.8,58
song_327,0.588,0.466,145.7,52
song_328,0.621,0.828,158.8,67
song_329,0.86,0.241,143.5,54
song_330,0.6,0.325,72.0,44
song_331,0.911,0.462,93.4,55
song_332,0.628,0.26,167.3,42
song_333,0.917,0.383,102.7,54
song_334,0.841,0.848,157.8,75
song_335,0.536,0.94,114.7,61
song_336,0.861,0.438,132.6,55
song_337,0.372,0.406,78.2,39
song_338,0.901,0.418,91.7,61
song_339,0.711,0.417,184.9,52
song_340,0.335,0.228,176.8,34
song_341,0.719,0.923,148.3,72
song_342,0.933,0.367,125.2,55
song_343,0.345,0.528,151.1,45
song_344,0.661,0.208,144.2,46
song_345,0.786,0.869,138.2,64
song_346,0.827,0.77,77.1,66
song_347,0.569,0.938,145.9,65
song_348,0.433,0.81,162.3,52
song_349,0.328,0.445,189.3,38
song_350,0.677,0.393,71.3,42
song_351,0.594,0.744,157.6,57
song_352,0.917,0.484,138.6,63
song_353,0.339,0.642,122.1,41
song_354,0.746,0.205,85.3,38
song_355,0.316,0.248,119.1,28
song_356,0.411,0.618,112.5,44
song_357,0.595,0.642,106.3,57
song_358,0.596,0.786,157.7,63
song_359,0.746,0.303,154.1,56
song_360,0.892,0.6,140.7,62
song_361,0.715,0.352,182.6,54
song_362,0.92,0.273,112.0,43
song_363,0.873,0.52,99.3,63
song_364,0.68,0.327,148.7,53
song_365,0.842,0.373,93.9,53
song_366,0.718,0.448,107.8,54
song_367,0.351,0.402,97.0,28
song_368,0.781,0.268,78.3,44
song_369,0.362,0.27,169.3,40
song_370,0.686,0.351,100.5,51
song_371,0.757,0.239,126.8,47
song_372,0.343,0.689,75.2,47
song_373,0.45,0.424,153.9,44
song_374,0.895,0.418,109.7,56
song_375,0.701,0.459,159.4,54
song_376,0.46,0.717,119.5,49
song_377,0.749,0.879,93.5,60
song_378,0.688,0.792,131.6,69
song_379,0.626,0.767,85.7,55
song_380,0.935,0.578,122.9,62
song_381,0.744,0.741,108.1,55
song_382,0.544,0.631,179.4,41
song_383,0.82,0.369,77.3,56
song_384,0.875,0.363,153.3,63
song_385,0.381,0.431,91.9,44
song_386,0.43,0.91,108.3,54
song_387,0.441,0.627,119.9,46
song_388,0.749,0.772,179.0,65
song_389,0.692,0.47,99.1,50
song_390,0.702,0.518,81.0,58
song_391,0.912,0.298,108.2,56
song_392,0.804,0.334,82.6,53
song_393,0.383,0.845,85.4,48
song_394,0.526,0.656,138.9,59
song_395,0.583,0.463,77.3,37
song_396,0.557,0.826,73.7,50
song_397,0.735,0.392,155.7,56
song_398,0.88,0.961,113.4,83
song_399,0.499,0.469,85.0,42
song_400,0.659,0.463,100.4,46
song_401,0.813,0.443,147.1,63
song_402,0.571,0.295,103.1,43
song_403,0.409,0.287,129.3,43
song_404,0.609,0.706,84.6,48
song_405,0.336,0.883,140.6,58
song_406,0.913,0.817,107.9,64
song_407,0.349,0.31,145.2,34
song_408,0.585,0.626,167.0,58
song_409,0.644,0.282,143.4,47
song_410,0.94,0.235,105.5,60
song_411,0.408,0.712,100.7,39
song_412,0.374,0.617,109.3,45
song_413,0.306,0.264,89.8,36
song_414,0.401,0.227,91.7,33
song_415,0.435,0.972,164.9,54
song_416,0.71,0.223,116.2,51
song_417,0.443,0.547,122.3,42
song_418,0.313,0.594,141.3,38
song_419,0.837,0.291,140.8,50
song_420,0.538,0.332,78.1,39
song_421,0.53,0.474,169.8,50
song_422,0.497,0.794,91.3,47
song_423,0.934,0.596,156.8,63
song_424,0.411,0.698,162.7,47
song_425,0.884,0.968,155.8,72
song_426,0.805,0.799,139.5,68
song_427,0.35,0.539,71.8,41
song_428,0.941,0.548,113.2,66
song_429,0.476,0.683,142.6,53
song_430,0.364,0.719,116.5,55
song_431,0.839,0.591,173.6,67
song_432,0.759,0.703,107.1,66
song_433,0.701,0.218,105.2,43
song_434,0.401,0.535,101.9,47
song_435,0.611,0.418,109.9,45
song_436,0.807,0.301,136.9,55
song_437,0.497,0.278,154.8,34
song_438,0.503,0.67,149.5,54
song_439,0.302,0.608,166.9,39
song_440,0.413,0.398,176.3,47
song_441,0.869,0.567,167.9,70
song_442,0.587,0.584,72.3,47
song_443,0.94,0.352,158.3,71
song_444,0.557,0.709,95.0,52
song_445,0.765,0.809,86.0,56
song_446,0.483,0.817,146.6,52
song_447,0.536,0.67,108.4,47
song_448,0.424,0.599,76.9,46
song_449,0.526,0.248,86.5,32
song_450,0.656,0.425,70.1,45
song_451,0.945,0.273,178.4,61
song_452,0.732,0.952,73.0,67
song_453,0.43,0.305,95.1,36
song_454,0.329,0.318,120.0,34
song_455,0.382,0.894,112.8,51
song_456,0.666,0.936,179.4,61
song_457,0.797,0.797,74.8,63
song_458,0.911,0.204,131.5,56
song_459,0.31,0.201,151.7,30
song_460,0.64,0.495,181.8,56
song_461,0.606,0.312,144.4,43
song_462,0.726,0.214,166.5,54
song_463,0.664,0.562,80.0,40
song_464,0.747,0.936,116.3,69
song_465,0.728,0.453,114.9,60
song_466,0.376,0.716,176.4,58
song_467,0.82,0.709,88.2,62
song_468,0.38,0.396,88.2,30
song_469,0.754,0.707,109.4,69
song_470,0.57,0.366,76.5,42
song_471,0.634,0.295,91.9,43
song_472,0.887,0.747,185.8,68
song_473,0.878,0.288,121.4,49
song_474,0.832,0.978,145.8,78
song_475,0.632,0.343,157.1,52
song_476,0.779,0.663,114.0,63
song_477,0.633,0.521,87.7,47
song_478,0.865,0.299,94.8,48
song_479,0.562,0.222,107.6,32
song_480,0.931,0.686,146.3,67
song_481,0.906,0.829,117.8,67
song_482,0.782,0.857,70.8,57
song_483,0.482,0.577,132.8,51
song_484,0.386,0.806,180.6,47
song_485,0.856,0.725,167.4,74
song_486,0.407,0.765,169.0,55
song_487,0.855,0.584,165.4,66
song_488,0.619,0.694,108.8,64
song_489,0.564,0.828,161.8,54
song_490,0.887,0.51,87.2,65
song_491,0.693,0.829,148.9,64
song_492,0.675,0.662,147.0,72
song_493,0.663,0.329,73.1,43
song_494,0.541,0.219,164.6,39
song_495,0.811,0.483,178.4,63
song_496,0.464,0.626,102.1,46
song_497,0.91,0.855,167.5,72
song_498,0.881,0.299,79.9,48
song_499,0.519,0.824,142.0,65
song_500,0.774,0.873,128.3,63
