restaurant_id,has_table_booking,has_online_delivery,votes,aggregate_rating,cuisines_count,average_cost_for_two
REST_0001,0,1,2543,2.6,4,1370.0
REST_0002,1,1,3602,2.3,6,3020.0
REST_0003,1,1,1505,3.8,5,2470.0
REST_0004,0,1,2120,2.3,7,1770.0
REST_0005,0,1,4601,4.0,3,1440.0
REST_0006,0,0,3735,3.6,2,1230.0
REST_0007,0,1,2021,4.0,3,1130.0
REST_0008,1,0,1407,3.8,7,2650.0
REST_0009,0,0,3203,3.3,5,1600.0
REST_0010,0,1,1050,2.7,4,1240.0
REST_0011,0,1,1785,3.0,5,1260.0
REST_0012,0,1,4783,3.6,4,1660.0
REST_0013,1,0,1240,3.9,4,2240.0
REST_0014,0,0,4950,4.3,7,2100.0
REST_0015,1,0,4991,4.2,1,2350.0
REST_0016,0,0,3826,4.8,7,1980.0
REST_0017,1,1,2434,2.9,2,2250.0
REST_0018,0,1,4365,2.3,5,1780.0
REST_0019,0,0,1638,3.1,4,1150.0
REST_0020,1,1,1283,4.2,7,2760.0
REST_0021,0,1,891,3.3,7,1550.0
REST_0022,0,0,854,4.4,5,1180.0
REST_0023,0,0,2842,3.6,5,1460.0
REST_0024,1,1,938,4.7,4,2280.0
REST_0025,0,1,1744,4.8,6,1460.0
REST_0026,1,1,2433,2.3,3,2390.0
REST_0027,0,0,1333,3.4,2,910.0
REST_0028,0,1,4518,3.8,2,1460.0
REST_0029,1,1,2125,2.8,6,2790.0
REST_0030,0,1,2588,3.2,1,920.0
REST_0031,1,1,1158,4.0,6,2590.0
REST_0032,1,1,229,2.7,1,1710.0
REST_0033,0,1,1084,3.8,1,730.0
REST_0034,0,1,4931,4.1,6,1980.0
REST_0035,0,1,2240,2.4,2,990.0
REST_0036,1,0,253,3.5,3,2100.0
REST_0037,1,1,812,2.8,2,1960.0
REST_0038,0,0,3130,4.1,7,1940.0
REST_0039,0,1,2186,2.6,2,1010.0
REST_0040,0,1,354,4.6,2,730.0
REST_0041,1,1,1379,3.3,6,2620.0
REST_0042,0,1,1234,2.7,6,1460.0
REST_0043,0,1,4439,3.3,7,2040.0
REST_0044,0,1,303,3.2,7,1470.0
REST_0045,1,1,232,3.3,6,2480.0
REST_0046,0,1,1678,3.7,2,950.0
REST_0047,0,0,4098,3.6,3,1410.0
REST_0048,0,0,4867,2.5,1,1330.0
REST_0049,0,1,1437,2.3,5,1300.0
REST_0050,1,1,2406,4.1,1,2030.0
REST_0051,1,1,1814,3.7,7,2890.0
REST_0052,0,1,124,3.1,7,1470.0
REST_0053,0,1,4885,4.4,1,1290.0
REST_0054,0,1,3913,3.2,5,1700.0
REST_0055,0,0,3865,4.3,2,1250.0
REST_0056,1,1,3710,3.0,3,2570.0
REST_0057,0,1,3312,2.3,3,1240.0
REST_0058,0,1,398,4.7,1,610.0
REST_0059,0,1,3313,3.2,5,1530.0
REST_0060,0,0,3349,4.3,7,1850.0
REST_0061,0,0,4828,2.9,4,1680.0
REST_0062,0,1,3458,3.9,2,1150.0
REST_0063,0,1,244,4.5,1,580.0
REST_0064,1,0,757,2.2,3,2140.0
REST_0065,0,0,255,4.4,7,1450.0
REST_0066,0,1,4298,3.7,6,1840.0
REST_0067,1,0,731,3.8,6,2560.0
REST_0068,0,1,1908,3.6,5,1380.0
REST_0069,1,1,4738,4.5,5,3020.0
REST_0070,0,1,1279,2.2,1,670.0
REST_0071,0,0,768,2.8,4,1090.0
REST_0072,0,1,4006,4.6,3,1380.0
REST_0073,0,1,3571,4.2,1,1060.0
REST_0074,0,1,529,2.1,4,1070.0
REST_0075,1,1,1843,3.5,7,2850.0
REST_0076,0,0,4900,3.6,5,1800.0
REST_0077,0,1,2961,3.2,6,1720.0
REST_0078,0,1,4252,2.9,2,1220.0
REST_0079,0,1,2154,4.0,7,1780.0
REST_0080,0,1,1797,2.7,6,1520.0
REST_0081,0,1,1242,4.3,3,980.0
REST_0082,1,1,3687,4.3,3,2580.0
REST_0083,1,0,1797,3.3,6,2740.0
REST_0084,0,1,1324,2.9,7,1600.0
REST_0085,0,1,4879,2.9,6,2030.0
REST_0086,1,1,721,3.5,4,2220.0
REST_0087,1,1,3009,4.1,1,2190.0
REST_0088,0,1,171,3.1,5,1070.0
REST_0089,1,0,1345,3.8,4,2380.0
REST_0090,0,0,1321,3.2,2,830.0
REST_0091,1,0,3742,3.0,6,2950.0
REST_0092,0,0,1731,2.2,2,920.0
REST_0093,0,1,826,2.1,2,770.0
REST_0094,1,1,4350,2.7,4,2730.0
REST_0095,0,1,2742,3.2,5,1410.0
REST_0096,0,1,4676,4.5,7,2090.0
REST_0097,0,1,1345,4.3,3,1080.0
REST_0098,1,1,4153,2.8,1,2340.0
REST_0099,1,0,1179,2.8,3,2140.0
REST_0100,1,1,2889,2.7,5,2790.0
REST_0101,0,1,4536,3.0,3,1530.0
REST_0102,1,1,1262,3.5,6,2700.0
REST_0103,0,1,367,3.3,6,1340.0
REST_0104,0,1,1851,2.7,4,1270.0
REST_0105,1,0,1589,2.5,2,2120.0
REST_0106,0,1,3955,2.1,5,1670.0
REST_0107,0,1,1938,2.5,5,1310.0
REST_0108,0,0,3252,4.1,3,1260.0
REST_0109,0,1,3778,2.8,4,1570.0
REST_0110,1,1,2375,3.4,3,2340.0
REST_0111,0,1,1417,3.8,3,1010.0
REST_0112,1,1,2800,4.6,5,2660.0
REST_0113,0,1,1844,4.6,3,1050.0
REST_0114,0,1,2511,4.2,2,1030.0
REST_0115,0,1,4080,2.2,3,1440.0
REST_0116,1,1,424,3.7,2,1890.0
REST_0117,0,1,1741,4.3,5,1330.0
REST_0118,1,0,2845,2.1,4,2620.0
REST_0119,0,1,3865,3.6,6,1850.0
REST_0120,0,0,4230,4.5,2,1310.0
REST_0121,0,1,3212,3.4,4,1510.0
REST_0122,1,1,84,2.1,4,2140.0
REST_0123,1,1,1319,2.1,2,2050.0
REST_0124,0,1,4940,3.3,5,1870.0
REST_0125,0,0,1435,2.5,1,670.0
REST_0126,0,1,3613,4.0,4,1500.0
REST_0127,1,1,988,4.1,4,2300.0
REST_0128,0,1,388,2.6,5,1300.0
REST_0129,1,0,252,4.6,5,2340.0
REST_0130,1,1,2262,3.3,3,2400.0
REST_0131,0,1,3103,2.5,5,1610.0
REST_0132,1,1,940,4.2,4,2230.0
REST_0133,0,0,708,4.3,2,680.0
REST_0134,0,1,4292,3.9,1,1160.0
REST_0135,0,1,1489,4.5,7,1690.0
REST_0136,0,1,4745,4.2,3,1530.0
REST_0137,1,1,4279,4.6,7,3250.0
REST_0138,0,1,3642,3.3,2,1180.0
REST_0139,0,0,2120,4.2,1,750.0
REST_0140,0,1,2285,4.9,1,790.0
REST_0141,0,1,3809,4.1,1,990.0
REST_0142,0,0,843,2.4,6,1320.0
REST_0143,0,1,3451,3.6,2,1140.0
REST_0144,0,1,4171,3.7,3,1460.0
REST_0145,1,1,4233,2.6,3,2610.0
REST_0146,1,1,817,4.8,1,1840.0
REST_0147,0,0,799,2.6,2,780.0
REST_0148,1,1,2870,2.6,6,2910.0
REST_0149,0,1,2912,4.7,1,890.0
REST_0150,0,0,1913,3.4,5,1440.0
REST_0151,0,1,3326,2.3,7,1830.0
REST_0152,0,1,2922,3.8,3,1220.0
REST_0153,0,1,4823,3.8,7,2120.0
REST_0154,1,0,3738,2.3,4,2750.0
REST_0155,0,1,41,4.8,1,580.0
REST_0156,1,0,1520,3.6,5,2570.0
REST_0157,0,1,862,3.7,3,1000.0
REST_0158,1,0,1780,3.6,7,2830.0
REST_0159,0,1,3661,3.8,6,1860.0
REST_0160,0,1,211,2.8,2,730.0
REST_0161,0,1,415,2.9,3,740.0
REST_0162,0,1,4682,3.5,7,2090.0
REST_0163,0,0,4346,4.4,2,1330.0
REST_0164,1,1,893,2.2,7,2710.0
REST_0165,0,1,2641,3.8,2,990.0
REST_0166,1,1,4355,4.4,6,3210.0
REST_0167,0,0,109,2.5,6,1270.0
REST_0168,1,1,2299,2.1,1,2050.0
REST_0169,0,1,476,3.0,1,510.0
REST_0170,0,1,2300,3.7,3,1110.0
REST_0171,1,0,4469,2.5,6,3080.0
REST_0172,0,1,1024,3.3,5,1310.0
REST_0173,0,1,4554,3.6,7,2110.0
REST_0174,0,1,364,3.8,7,1430.0
REST_0175,0,1,2731,2.9,7,1840.0
REST_0176,0,1,4772,3.2,3,1500.0
REST_0177,1,1,2482,4.3,7,2980.0
REST_0178,0,1,1136,4.7,4,1130.0
REST_0179,0,1,645,4.5,2,770.0
REST_0180,0,1,4399,3.7,7,2070.0
REST_0181,0,0,1999,3.2,2,970.0
REST_0182,0,1,4014,3.0,1,1160.0
REST_0183,1,1,1698,2.4,7,2890.0
REST_0184,0,0,242,2.4,5,1120.0
REST_0185,1,1,763,4.0,6,2560.0
REST_0186,0,0,482,2.8,6,1380.0
REST_0187,0,1,1588,2.8,1,740.0
REST_0188,0,1,3367,4.9,4,1440.0
REST_0189,0,1,1756,2.6,3,1030.0
REST_0190,0,1,4059,2.5,3,1420.0
REST_0191,0,0,3971,2.4,5,1650.0
REST_0192,1,1,684,3.7,1,1870.0
REST_0193,0,0,1376,3.9,1,650.0
REST_0194,1,1,1034,3.1,4,2380.0
REST_0195,0,1,2152,3.6,7,1710.0
REST_0196,1,1,2688,4.3,3,2350.0
REST_0197,1,1,1074,4.4,7,2770.0
REST_0198,0,1,1784,4.8,1,720.0
REST_0199,1,1,4478,4.4,7,3270.0
REST_0200,0,1,2889,3.7,6,1650.0
REST_0201,1,1,1432,2.6,5,2560.0
REST_0202,0,1,687,2.4,3,910.0
REST_0203,0,1,3390,2.3,4,1400.0
REST_0204,1,1,1414,4.0,5,2480.0
REST_0205,0,0,118,4.4,2,700.0
REST_0206,0,1,4090,3.5,6,1930.0
REST_0207,1,0,441,2.3,4,2210.0
REST_0208,0,1,3670,3.6,5,1600.0
REST_0209,0,0,4177,4.7,1,1180.0
REST_0210,0,1,1152,3.8,2,860.0
REST_0211,0,1,1722,4.4,4,1270.0
REST_0212,1,1,3640,4.3,1,2260.0
REST_0213,0,1,3210,4.7,6,1710.0
REST_0214,0,1,617,4.3,2,770.0
REST_0215,0,1,411,4.2,3,880.0
REST_0216,1,1,1095,2.8,1,1840.0
REST_0217,0,0,2670,2.3,5,1510.0
REST_0218,0,1,2404,3.5,7,1750.0
REST_0219,1,1,829,2.4,4,2310.0
REST_0220,0,1,3329,4.8,2,1170.0
REST_0221,0,0,3758,2.9,1,1010.0
REST_0222,0,1,1179,4.5,3,920.0
REST_0223,0,1,1551,3.2,7,1630.0
REST_0224,0,1,4996,3.0,4,1700.0
REST_0225,0,1,2702,4.7,4,1390.0
REST_0226,1,1,273,3.1,1,1770.0
REST_0227,0,1,3568,3.2,3,1410.0
REST_0228,1,1,3205,2.4,6,2910.0
REST_0229,0,1,1251,4.0,7,1560.0
REST_0230,1,1,2443,2.9,6,2770.0
REST_0231,1,0,3595,3.7,2,2430.0
REST_0232,0,0,4281,3.8,1,1140.0
REST_0233,0,1,1593,4.1,7,1550.0
REST_0234,0,1,2928,4.2,2,1100.0
REST_0235,1,1,4732,3.5,6,3170.0
REST_0236,1,0,1645,3.0,7,2840.0
REST_0237,0,0,4018,4.4,4,1570.0
REST_0238,0,1,3903,3.0,2,1170.0
REST_0239,0,0,3535,3.5,3,1410.0
REST_0240,1,1,3423,3.2,5,2830.0
REST_0241,0,0,4618,4.5,6,1850.0
REST_0242,0,0,4700,3.3,6,1950.0
REST_0243,0,1,1978,3.2,3,1120.0
REST_0244,0,1,4029,4.0,7,1950.0
REST_0245,1,1,2755,3.8,7,3040.0
REST_0246,0,1,4511,2.4,7,2160.0
REST_0247,0,1,3194,3.5,2,1100.0
REST_0248,0,1,421,4.2,1,580.0
REST_0249,0,1,994,4.9,4,1110.0
REST_0250,0,1,243,3.9,5,1180.0
REST_0251,1,0,4633,3.1,1,2390.0
REST_0252,1,1,255,2.7,1,1680.0
REST_0253,0,0,3518,4.5,3,1370.0
REST_0254,0,1,4231,4.4,2,1230.0
REST_0255,1,1,3254,2.8,6,3030.0
REST_0256,0,1,245,2.7,6,1310.0
REST_0257,0,1,2297,4.1,3,1110.0
REST_0258,1,1,4297,3.0,2,2550.0
REST_0259,1,1,1361,3.0,3,2200.0
REST_0260,1,1,4056,2.5,6,3050.0
REST_0261,1,1,229,2.8,1,1700.0
REST_0262,1,1,3747,3.3,4,2620.0
REST_0263,0,1,3948,4.2,7,2020.0
REST_0264,0,0,2823,3.0,2,990.0
REST_0265,0,0,1129,3.0,5,1230.0
REST_0266,0,1,2046,2.9,5,1430.0
REST_0267,0,1,413,3.4,1,540.0
REST_0268,0,1,863,2.6,3,940.0
REST_0269,0,1,1544,3.5,3,970.0
REST_0270,0,1,623,4.1,6,1330.0
REST_0271,0,1,601,2.2,1,600.0
REST_0272,0,1,1959,2.1,6,1500.0
REST_0273,0,0,152,2.3,6,1360.0
REST_0274,1,1,2858,3.6,5,2700.0
REST_0275,0,1,3405,4.5,6,1830.0
REST_0276,0,1,3790,2.1,7,1960.0
REST_0277,1,1,2288,4.7,6,2710.0
REST_0278,0,1,995,2.4,5,1190.0
REST_0279,0,1,1833,4.5,7,1680.0
REST_0280,0,1,3283,3.5,3,1340.0
REST_0281,0,1,1563,3.9,2,970.0
REST_0282,1,0,2855,3.5,4,2580.0
REST_0283,0,1,2758,3.4,6,1600.0
REST_0284,0,1,1377,4.4,7,1620.0
REST_0285,0,1,4154,4.2,2,1230.0
REST_0286,0,1,1336,3.5,5,1320.0
REST_0287,0,0,181,2.4,2,630.0
REST_0288,0,0,1929,2.4,4,1130.0
REST_0289,0,1,1147,4.3,2,890.0
REST_0290,0,1,3890,3.6,7,1970.0
REST_0291,0,1,1678,3.4,2,900.0
REST_0292,0,1,3145,4.0,2,1170.0
REST_0293,0,1,1983,4.5,2,1040.0
REST_0294,1,1,2309,3.9,1,2080.0
REST_0295,0,1,986,4.2,6,1400.0
REST_0296,0,1,909,4.2,5,1260.0
REST_0297,0,1,3081,3.1,4,1400.0
REST_0298,0,1,3649,2.9,5,1650.0
REST_0299,1,0,3209,4.3,1,2190.0
REST_0300,0,1,2768,3.2,1,880.0
REST_0301,1,1,1686,4.6,7,2850.0
REST_0302,0,1,3086,2.3,1,980.0
REST_0303,1,0,1461,2.3,6,2700.0
REST_0304,0,1,1087,4.7,1,680.0
REST_0305,1,0,4243,3.9,2,2420.0
REST_0306,0,0,2943,3.2,5,1600.0
REST_0307,0,1,4273,4.2,3,1500.0
REST_0308,0,1,3876,4.0,4,1530.0
REST_0309,0,1,846,3.6,1,650.0
REST_0310,1,1,4627,2.4,5,2980.0
REST_0311,0,0,4005,4.4,7,2040.0
REST_0312,0,1,2112,4.5,1,780.0
REST_0313,0,1,3199,2.6,6,1800.0
REST_0314,0,1,4558,4.5,1,1220.0
REST_0315,0,1,3921,4.6,1,1120.0
REST_0316,0,1,2382,3.6,1,850.0
REST_0317,0,1,2244,3.9,7,1670.0
REST_0318,1,0,1746,3.2,1,2010.0
REST_0319,0,1,2026,2.9,4,1180.0
REST_0320,0,1,286,4.1,5,1190.0
REST_0321,1,0,857,4.5,6,2540.0
REST_0322,0,1,4604,3.9,1,1110.0
REST_0323,0,1,4817,3.5,1,1220.0
REST_0324,0,1,706,2.5,1,670.0
REST_0325,0,0,3381,2.2,1,960.0
REST_0326,0,0,376,3.3,2,790.0
REST_0327,1,1,3835,2.2,2,2460.0
REST_0328,0,1,891,3.7,3,940.0
REST_0329,0,1,1993,3.2,1,780.0
REST_0330,1,1,4667,4.2,3,2680.0
REST_0331,1,1,1830,3.0,4,2450.0
REST_0332,0,1,4438,3.8,3,1510.0
REST_0333,0,1,2661,3.6,5,1470.0
REST_0334,0,1,2248,2.1,2,950.0
REST_0335,1,1,3411,2.3,2,2350.0
REST_0336,1,0,4198,2.9,1,2400.0
REST_0337,0,1,2370,4.6,1,790.0
REST_0338,0,1,4377,2.5,4,1660.0
REST_0339,0,1,4899,4.1,6,1990.0
REST_0340,1,1,2759,4.8,4,2480.0
REST_0341,0,1,2750,4.3,5,1490.0
REST_0342,0,1,1338,2.8,1,730.0
REST_0343,1,1,1555,4.6,1,2020.0
REST_0344,0,1,4804,2.4,4,1600.0
REST_0345,0,1,2463,3.4,4,1180.0
REST_0346,0,1,1792,4.6,4,1150.0
REST_0347,0,1,3229,3.9,2,1190.0
REST_0348,0,0,4954,3.3,3,1450.0
REST_0349,0,1,897,2.9,3,1010.0
REST_0350,0,0,2890,3.2,1,990.0
REST_0351,1,1,3220,3.5,2,2340.0
REST_0352,0,1,4164,3.0,4,1540.0
REST_0353,0,1,3767,4.8,1,1070.0
REST_0354,0,1,2856,4.7,2,1110.0
REST_0355,1,1,312,4.5,5,2370.0
REST_0356,1,0,1671,3.3,6,2790.0
REST_0357,0,1,4651,4.0,2,1330.0
REST_0358,0,1,4426,4.6,7,2000.0
REST_0359,0,1,556,4.5,1,510.0
REST_0360,0,1,2706,3.3,3,1120.0
REST_0361,0,0,253,2.4,7,1450.0
REST_0362,1,1,2672,2.3,4,2540.0
REST_0363,1,1,2394,3.7,6,2810.0
REST_0364,0,1,2292,3.9,5,1420.0
REST_0365,1,0,986,4.5,6,2540.0
REST_0366,1,1,909,2.9,6,2620.0
REST_0367,0,1,3883,2.6,2,1110.0
REST_0368,0,1,3420,3.2,1,970.0
REST_0369,1,1,54,3.1,1,1750.0
REST_0370,0,1,4562,2.5,6,1890.0
REST_0371,1,1,3543,4.0,4,2700.0
REST_0372,1,1,1783,3.5,1,1930.0
REST_0373,0,1,3311,4.1,6,1720.0
REST_0374,1,1,2508,3.1,1,2100.0
REST_0375,1,1,2720,3.0,4,2490.0
REST_0376,0,1,1578,3.4,5,1370.0
REST_0377,0,0,4710,4.6,7,2110.0
REST_0378,0,1,2296,2.2,6,1660.0
REST_0379,0,1,4026,4.4,3,1410.0
REST_0380,0,0,4459,3.1,3,1420.0
REST_0381,0,1,1123,4.5,6,1500.0
REST_0382,0,1,1439,4.3,2,820.0
REST_0383,0,1,1498,3.1,5,1310.0
REST_0384,1,1,3934,4.0,2,2490.0
REST_0385,1,0,3762,2.5,7,3070.0
REST_0386,1,0,2976,4.6,3,2520.0
REST_0387,0,1,1402,3.2,4,1100.0
REST_0388,1,1,2594,3.4,6,2820.0
REST_0389,1,1,3404,4.1,7,3130.0
REST_0390,0,0,1589,4.4,1,740.0
REST_0391,0,0,1914,2.8,3,1130.0
REST_0392,0,1,2263,4.0,5,1360.0
REST_0393,1,1,1886,3.2,3,2320.0
REST_0394,0,1,48,3.1,5,1150.0
REST_0395,0,0,725,4.0,5,1260.0
REST_0396,0,1,1040,3.2,6,1330.0
REST_0397,0,1,2083,3.1,5,1340.0
REST_0398,0,1,1466,4.4,2,850.0
REST_0399,0,0,3684,2.4,7,1880.0
REST_0400,0,1,3007,4.0,4,1310.0
REST_0401,1,1,3622,2.8,3,2520.0
REST_0402,0,1,3705,2.1,4,1520.0
REST_0403,0,1,3388,2.6,7,2050.0
REST_0404,0,1,3601,3.8,1,1070.0
REST_0405,0,0,2782,4.1,7,1900.0
REST_0406,0,1,4057,2.2,3,1410.0
REST_0407,0,1,592,2.2,4,1070.0
REST_0408,1,1,4108,4.6,4,2760.0
REST_0409,1,1,634,2.3,6,2680.0
REST_0410,1,0,4070,4.6,6,3030.0
REST_0411,0,1,345,2.7,7,1420.0
REST_0412,0,1,3760,4.2,7,2000.0
REST_0413,1,1,378,3.0,1,1770.0
REST_0414,0,1,3797,4.5,5,1650.0
REST_0415,0,0,2391,4.1,3,1210.0
REST_0416,0,1,1741,3.2,6,1510.0
REST_0417,0,1,1369,2.3,3,1000.0
REST_0418,0,1,3716,4.2,1,1070.0
REST_0419,1,1,3916,3.8,6,2950.0
REST_0420,0,1,4280,2.1,6,1810.0
REST_0421,0,0,1616,2.1,5,1400.0
REST_0422,1,1,1647,4.4,3,2210.0
REST_0423,1,0,2522,2.8,3,2370.0
REST_0424,0,0,3828,3.9,3,1450.0
REST_0425,0,1,212,3.4,5,1130.0
REST_0426,1,1,2694,4.5,6,2840.0
REST_0427,1,0,3865,4.7,1,2320.0
REST_0428,0,1,2597,4.9,3,1160.0
REST_0429,1,0,111,2.5,4,2230.0
REST_0430,0,1,4254,4.5,5,1780.0
REST_0431,0,1,500,2.8,2,820.0
REST_0432,0,1,2936,3.8,1,910.0
REST_0433,0,1,4455,3.5,4,1690.0
REST_0434,1,1,1095,2.2,3,2190.0
REST_0435,0,1,2533,4.7,2,960.0
REST_0436,0,1,818,2.3,1,490.0
REST_0437,0,1,4590,4.0,5,1750.0
REST_0438,0,1,3969,4.3,2,1260.0
REST_0439,0,0,624,4.3,6,1370.0
REST_0440,0,1,2999,2.5,7,1850.0
REST_0441,0,1,4936,3.4,2,1390.0
REST_0442,1,0,617,4.4,7,2690.0
REST_0443,0,1,1552,2.9,4,1230.0
REST_0444,0,1,533,3.4,1,510.0
REST_0445,1,1,1897,2.9,4,2450.0
REST_0446,0,1,3992,3.4,4,1510.0
REST_0447,0,1,3863,4.6,3,1330.0
REST_0448,1,1,1719,3.4,5,2620.0
REST_0449,0,1,1049,3.7,2,760.0
REST_0450,0,1,4615,3.2,1,1190.0
REST_0451,0,0,736,3.4,6,1460.0
REST_0452,0,1,4106,2.1,5,1760.0
REST_0453,1,0,685,2.9,5,2380.0
REST_0454,0,1,2228,3.3,1,820.0
REST_0455,1,1,1099,3.9,5,2400.0
REST_0456,1,1,247,3.4,3,2100.0
REST_0457,0,1,168,3.0,5,1180.0
REST_0458,0,1,1089,3.2,3,1000.0
REST_0459,0,1,4747,2.8,2,1400.0
REST_0460,0,0,1383,4.7,2,820.0
REST_0461,0,1,4528,3.6,4,1550.0
REST_0462,1,1,1775,2.1,3,2290.0
REST_0463,1,0,539,2.2,6,2580.0
REST_0464,0,1,3564,4.8,2,1260.0
REST_0465,0,0,2342,2.7,5,1440.0
REST_0466,1,1,1122,4.4,1,1850.0
REST_0467,0,0,617,2.3,1,580.0
REST_0468,1,0,3293,4.7,7,3130.0
REST_0469,0,0,4069,4.5,3,1400.0
REST_0470,0,1,2625,3.7,6,1640.0
REST_0471,1,0,2208,2.1,4,2520.0
REST_0472,0,1,4845,2.8,5,1800.0
REST_0473,1,0,608,3.2,3,2160.0
REST_0474,1,1,4492,3.4,7,3310.0
REST_0475,0,0,1427,2.9,1,620.0
REST_0476,0,1,4866,2.2,3,1500.0
REST_0477,1,1,4742,3.8,5,2910.0
REST_0478,1,0,3410,3.6,6,2950.0
REST_0479,0,1,3460,2.9,6,1740.0
REST_0480,1,1,1649,2.2,2,2140.0
REST_0481,0,1,1014,4.9,5,1210.0
REST_0482,0,1,4818,3.4,7,2140.0
REST_0483,1,1,2079,4.2,2,2190.0
REST_0484,0,1,4592,3.4,2,1350.0
REST_0485,1,1,3006,2.2,2,2360.0
REST_0486,0,1,420,3.0,3,970.0
REST_0487,0,1,2875,3.0,7,1840.0
REST_0488,0,1,2244,4.4,1,860.0
REST_0489,0,1,3432,3.9,6,1720.0
REST_0490,0,1,76,2.9,3,760.0
REST_0491,0,1,1895,4.8,1,840.0
REST_0492,0,0,4563,3.0,6,1980.0
REST_0493,0,1,4318,4.9,7,2000.0
REST_0494,0,1,3788,4.9,7,1900.0
REST_0495,1,1,4853,2.6,5,3000.0
REST_0496,0,0,4317,3.0,6,1890.0
REST_0497,0,1,1373,3.5,6,1440.0
REST_0498,0,1,2430,4.0,7,1770.0
REST_0499,0,1,4331,3.6,6,1950.0
REST_0500,0,1,2622,4.8,4,1370.0
