transaction_amount,distance_from_home_km,frequency_24h,online_order,pin_verified,is_fraud
40.2,17.97,5,1,0,0
230.76,11.52,4,0,1,0
103.76,5.56,2,1,1,0
73.47,25.21,5,0,0,0
17.72,17.31,8,1,1,0
17.72,2.66,1,1,0,0
9.49,36.27,2,1,1,0
155.84,25.93,2,0,1,0
73.93,44.88,1,1,0,1
97.34,19.4,3,1,1,0
6.56,14.26,4,1,1,0
267.77,8.13,1,1,1,0
138.98,40.49,7,0,1,0
22.9,30.16,6,1,1,0
20.05,0.69,2,0,0,0
20.2,0.4,2,1,0,0
32.21,7.09,1,0,0,0
60.79,24.95,0,1,1,0
47.42,65.46,4,1,1,1
30.82,2.45,3,1,1,0
75.98,13.53,4,1,1,0
16.27,7.19,5,1,0,0
30.91,52.56,1,1,0,0
39.22,27.69,1,0,0,0
50.67,27.33,2,1,0,0
120.35,9.49,6,0,0,0
21.71,8.04,3,1,1,0
59.15,4.79,3,1,0,0
72.31,0.87,2,1,0,0
8.57,30.01,6,0,0,0
75.15,25.14,1,1,0,0
19.02,122.59,3,1,1,1
10.04,85.42,1,1,1,1
228.03,12.16,2,1,1,0
257.8,21.98,4,1,1,0
128.92,43.44,5,0,0,1
32.25,28.42,8,1,1,0
12.71,4.26,2,1,0,0
91.46,8.98,2,0,0,0
48.51,2.07,4,0,0,0
14.76,46.2,0,0,0,0
56.27,13.98,4,1,0,0
7.62,3.89,3,1,0,0
185.03,16.71,6,0,1,0
27.46,14.44,2,1,0,0
86.47,6.65,2,0,0,0
33.02,1.81,3,1,1,0
60.06,16.7,6,0,0,0
64.34,11.02,0,1,0,0
20.33,22.2,4,1,1,0
266.96,11.01,4,1,0,1
116.92,28.68,3,1,0,1
215.38,12.04,4,1,1,0
173.91,12.35,4,1,0,0
73.33,31.39,4,0,1,0
196.21,7.75,1,0,1,0
11.95,2.16,5,1,0,0
21.36,0.44,6,0,1,0
8.47,21.11,0,0,1,0
34.51,14.53,4,1,0,1
41.91,18.26,2,1,1,0
28.74,3.59,2,1,0,0
137.34,2.2,3,0,1,0
38.09,0.22,1,0,0,0
29.74,6.48,1,1,1,0
63.68,13.37,5,0,0,0
16.39,7.47,0,0,1,0
126.54,8.63,2,1,0,0
10.81,35.18,3,1,1,0
330.06,6.42,2,1,1,0
115.96,10.82,2,0,1,0
21.62,22.96,1,0,1,0
5.42,7.58,1,1,1,0
131.74,14.6,3,0,1,0
97.03,29.75,1,1,1,0
102.92,44.79,2,1,0,0
115.64,2.39,0,1,1,0
10.77,39.17,1,1,1,0
38.29,10.16,7,0,1,0
14.24,4.48,6,1,1,0
154.14,9.22,1,1,0,0
78.22,58.7,1,1,0,1
35.14,10.18,4,0,1,0
9.93,5.98,5,0,1,0
32.94,15.05,5,1,1,0
34.5,4.12,0,1,1,0
103.09,1.18,5,1,1,0
81.12,2.07,3,0,0,0
168.67,2.06,7,1,1,0
52.93,2.47,3,1,1,0
14.55,2.24,3,1,0,0
98.68,15.36,3,1,1,0
112.28,3.01,4,0,1,0
66.79,6.36,4,1,0,0
115.54,34.06,3,0,0,0
56.06,9.64,3,1,1,0
60.48,16.52,3,1,0,0
46.84,2.84,2,1,1,0
6.93,3.2,4,1,1,0
13.56,0.63,1,0,1,0
7.4,2.78,0,1,1,0
80.88,4.9,7,1,0,1
33.3,2.92,1,0,1,0
58.28,1.39,1,0,0,0
183.59,1.93,1,1,1,0
26.51,9.26,3,0,0,0
44.62,3.47,1,1,1,0
110.66,6.79,3,1,0,0
24.49,10.5,6,1,0,0
11.01,17.59,1,0,0,0
30.66,0.6,2,1,0,0
18.19,24.1,3,1,1,0
204.12,14.83,3,0,0,0
128.82,1.28,7,1,1,0
80.26,31.02,5,1,1,0
158.86,38.05,2,1,1,0
127.1,0.95,1,0,0,0
20.49,4.86,7,1,0,0
172.31,24.61,5,0,1,0
63.13,20.69,3,0,0,0
128.55,3.06,2,1,0,0
174.82,3.52,3,1,1,0
33.7,6.94,2,0,1,0
13.74,9.94,4,0,1,0
24.4,14.45,3,0,0,0
46.78,6.9,3,0,1,0
132.79,9.31,6,0,0,0
152.85,20.64,1,0,0,0
5.52,0.56,4,1,1,0
58.62,4.36,2,1,0,0
45.52,18.74,2,1,0,0
23.84,33.84,3,1,0,0
14.58,10.75,3,0,1,0
35.89,11.39,1,1,1,0
219.73,1.7,3,1,1,0
34.28,8.9,2,1,1,0
59.86,11.41,4,1,0,0
96.06,4.17,6,1,1,0
38.9,4.71,5,1,0,0
272.58,7.1,5,0,0,0
251.15,0.3,3,1,1,0
26.75,5.83,3,1,1,0
56.57,3.56,0,1,0,0
31.84,5.95,3,1,0,0
30.14,1.91,4,0,0,0
7.82,33.18,6,1,0,0
75.54,13.51,2,1,1,0
57.39,17.05,1,1,1,0
8.96,23.35,2,1,1,0
29.5,10.35,2,0,1,0
184.16,1.36,1,1,0,0
25.54,11.55,2,1,1,0
16.74,13.26,5,1,1,0
55.42,20.52,6,1,1,0
323.3,8.48,4,1,1,0
25.79,2.05,2,1,1,0
88.64,5.01,5,0,0,0
112.54,6.77,4,1,1,0
25.35,15.57,3,1,0,0
102.71,12.69,4,1,0,1
39.39,6.6,0,1,0,0
80.04,64.59,2,1,0,1
80.29,13.96,2,0,1,0
62.55,4.06,3,1,1,0
12.1,1.61,5,0,1,0
140.27,2.49,3,1,1,0
34.01,4.23,5,0,1,0
20.48,2.63,2,1,0,0
8.12,3.1,4,1,0,0
72.03,5.03,5,0,1,0
89.89,2.86,2,1,1,0
6.25,34.06,1,1,1,0
58.82,1.25,0,0,0,0
24.26,11.15,4,1,0,0
82.71,7.92,3,1,1,0
19.37,60.58,4,1,0,1
93.07,1.78,1,0,0,0
41.67,7.61,1,0,1,0
212.03,52.34,2,0,0,1
16.1,30.09,2,0,1,0
36.28,25.48,1,0,0,0
14.03,4.47,2,1,0,0
198.96,2.81,5,1,0,0
162.38,16.57,2,1,1,0
27.37,39.76,3,1,0,0
85.91,12.2,4,0,1,0
132.46,12.72,2,0,0,0
65.76,4.93,2,1,1,0
61.57,22.01,2,0,0,0
25.77,3.11,5,1,1,0
12.33,5.87,3,1,1,0
175.63,8.31,2,1,1,0
178.01,10.63,4,1,0,1
80.2,4.16,7,1,0,1
36.05,1.83,1,1,0,0
37.22,14.15,7,1,1,0
102.08,5.11,3,1,1,0
175.56,13.06,1,1,1,0
168.58,2.51,2,1,0,0
118.52,9.84,1,1,0,0
82.05,11.41,4,1,0,0
11.59,0.8,3,1,1,0
18.22,6.16,2,1,1,0
176.62,2.17,1,0,1,0
74.94,0.98,2,1,0,0
5.69,69.02,3,1,1,0
13.02,5.84,3,1,1,0
86.69,24.9,1,0,0,0
5.38,4.41,7,1,1,0
18.15,17.16,2,1,1,0
64.68,21.42,3,1,1,0
93.3,13.58,4,1,1,0
84.16,9.57,3,1,0,0
24.05,7.96,6,1,0,0
98.41,6.44,5,1,1,0
25.31,39.79,2,0,0,0
34.52,26.63,1,1,1,0
107.93,50.3,5,0,1,0
83.66,1.99,3,1,1,0
146.9,19.69,5,0,1,0
85.39,41.79,1,0,0,1
68.0,3.0,3,0,0,0
12.38,1.03,3,0,0,0
39.38,20.27,3,1,1,0
28.11,12.82,2,1,0,0
25.98,27.66,1,1,0,0
275.92,2.26,4,0,1,0
42.45,23.79,1,0,1,0
171.95,3.38,7,0,0,0
79.8,2.68,2,0,0,0
123.79,2.69,3,1,1,0
57.38,25.28,3,0,0,0
69.51,16.41,6,1,0,1
55.87,11.11,2,0,0,0
21.29,6.67,1,0,1,0
101.13,31.46,5,1,0,1
29.72,7.47,2,1,1,0
6.85,25.44,6,0,1,0
82.77,8.67,3,0,1,0
19.62,7.1,4,1,0,0
216.58,9.32,2,0,1,0
235.82,5.38,0,0,1,0
189.76,20.65,3,1,1,0
39.67,10.48,5,1,1,0
6.17,3.96,3,1,1,0
202.66,34.48,2,1,1,0
46.92,7.26,3,1,1,0
260.06,11.76,3,1,1,0
253.53,35.54,2,1,0,1
148.8,14.68,2,1,0,0
31.16,1.86,3,0,0,0
41.47,42.16,2,1,1,0
147.85,14.82,1,1,1,0
33.59,6.12,2,1,1,0
18.93,2.25,4,1,1,0
66.03,23.7,4,1,1,0
211.35,14.52,4,0,1,0
94.31,11.44,3,1,0,0
68.31,33.65,3,0,1,0
12.67,23.31,1,1,0,0
76.59,2.47,4,0,0,0
350.79,5.6,2,1,0,1
16.32,4.29,2,0,0,0
59.79,20.44,2,1,1,0
162.4,0.51,6,1,1,0
106.25,12.66,1,0,0,0
94.56,21.56,2,1,1,0
95.92,31.41,2,1,1,0
38.41,6.28,2,0,0,0
31.07,25.83,5,1,1,0
129.3,1.76,3,0,0,0
129.6,28.11,1,1,1,0
156.35,2.05,3,1,1,0
188.35,7.59,5,1,0,1
58.71,23.94,4,1,0,0
57.21,2.44,4,0,1,0
125.07,3.91,5,0,1,0
83.73,19.22,2,1,0,0
95.79,19.1,3,1,1,0
124.15,15.37,2,1,1,0
170.55,17.76,8,1,1,1
35.94,11.74,3,1,1,0
40.32,4.35,4,1,1,0
12.4,6.36,5,1,1,0
69.76,3.01,4,1,1,0
7.75,35.86,3,1,0,1
52.0,13.13,3,0,0,0
63.67,7.68,1,1,0,0
30.32,9.3,4,1,1,0
72.02,44.14,4,1,1,0
7.32,2.5,3,0,0,0
7.85,13.24,2,1,1,0
134.7,10.57,5,1,1,0
38.49,14.18,1,1,0,0
15.19,0.27,7,0,1,0
60.4,30.85,3,0,0,0
115.22,40.35,4,1,0,1
23.23,12.49,2,1,1,0
78.14,17.89,0,1,1,0
11.69,38.36,4,1,0,1
8.98,18.43,3,0,1,0
61.84,2.48,4,1,1,0
63.34,12.88,3,0,0,0
81.09,14.0,1,1,0,0
102.12,8.28,0,1,1,0
284.27,20.0,3,1,0,1
59.47,40.86,2,1,1,0
34.25,38.97,6,1,1,0
123.92,8.99,2,1,1,0
28.69,1.8,4,0,0,0
48.35,62.84,3,1,1,0
11.13,27.39,7,1,1,0
6.93,2.0,5,0,0,0
251.55,38.04,4,1,0,1
140.58,30.59,1,1,0,1
94.3,10.97,6,1,1,0
44.44,13.42,1,1,1,0
19.27,7.64,2,1,0,0
17.76,0.84,1,0,1,0
26.6,6.12,3,0,0,0
64.76,24.36,2,1,1,0
99.04,0.07,1,1,0,0
85.95,6.09,0,0,1,0
29.63,7.62,1,1,1,0
237.36,11.56,1,1,1,0
105.43,37.86,5,1,0,1
65.62,6.38,2,0,0,0
75.95,6.39,6,1,1,0
45.8,20.06,2,1,0,0
26.35,9.03,5,1,0,0
38.0,3.82,2,1,0,0
111.36,9.03,1,1,1,0
6.09,2.28,1,1,1,0
14.25,2.91,2,0,1,0
8.53,10.35,3,1,0,0
8.12,8.14,2,1,0,0
150.07,36.95,1,1,1,0
96.22,6.75,5,0,1,0
53.21,13.03,5,0,0,0
12.72,15.01,2,1,1,0
55.74,0.2,1,1,0,0
53.11,16.34,3,1,1,0
19.26,2.94,0,1,0,0
47.67,48.69,2,1,1,0
43.13,2.41,6,1,1,0
76.75,8.03,7,1,1,0
80.61,1.34,3,1,0,0
8.48,86.52,3,1,1,0
40.2,10.46,3,0,1,0
78.73,13.57,1,1,0,0
57.46,1.04,3,1,1,0
150.6,20.79,4,0,1,0
85.62,3.53,4,0,1,0
18.34,34.25,1,1,1,0
10.49,3.44,3,0,0,0
82.13,3.17,0,0,1,0
7.02,0.56,2,1,0,0
71.1,9.58,4,1,1,0
216.29,12.48,6,1,1,0
69.26,1.02,3,0,1,0
41.85,22.41,2,0,0,0
82.31,9.06,4,1,0,0
50.97,11.15,2,1,1,0
64.16,8.72,4,1,1,0
217.86,7.68,2,1,1,0
41.59,12.3,6,1,1,0
248.68,2.53,2,0,1,0
181.82,3.01,0,1,0,0
21.34,29.68,5,0,0,0
10.39,43.81,3,1,0,1
12.97,7.01,2,1,0,0
6.38,4.74,5,1,1,0
12.44,15.49,4,0,1,0
91.17,7.88,4,0,1,0
10.54,0.39,7,1,0,0
33.81,2.55,2,0,0,0
144.76,18.88,2,1,0,0
6.77,16.13,5,0,0,0
131.34,0.41,4,1,1,0
29.83,3.76,3,1,0,0
14.43,3.94,2,1,1,0
94.49,16.72,4,1,0,0
79.35,0.3,4,0,1,0
162.46,1.65,5,0,1,0
104.62,24.14,1,1,0,0
127.02,2.95,2,1,1,0
29.85,15.87,1,1,1,0
19.65,4.08,4,0,1,0
109.16,1.57,1,0,0,0
128.32,4.18,3,0,1,0
354.28,19.22,1,1,1,0
44.91,29.04,2,0,1,0
39.89,26.6,5,1,1,0
117.35,7.59,4,0,1,0
36.26,16.54,3,1,1,0
205.26,3.44,3,1,1,0
151.61,5.2,5,1,1,0
47.03,34.0,3,1,1,0
109.23,0.2,2,1,1,0
110.35,1.34,1,1,1,0
13.16,3.5,2,1,1,0
179.63,0.4,1,1,0,0
57.78,3.0,2,1,1,0
136.35,13.12,1,0,1,0
33.93,8.21,3,1,1,0
174.41,33.48,3,0,1,0
41.97,25.51,6,0,0,0
5.82,6.27,5,1,1,0
181.84,4.5,6,1,0,1
12.18,7.16,1,1,1,0
33.85,13.38,2,1,1,0
229.77,4.68,4,1,1,0
230.6,14.68,2,1,0,1
68.9,7.9,1,0,1,0
79.94,12.05,4,0,0,0
49.63,8.59,4,1,0,0
31.03,5.23,1,0,0,0
34.89,44.48,4,0,0,0
88.72,21.63,3,1,1,0
109.69,2.26,1,1,1,0
122.61,30.43,2,1,0,1
121.91,10.02,1,1,1,0
12.17,33.74,2,1,0,0
56.15,24.13,2,0,1,0
9.45,8.31,3,0,1,0
64.81,0.34,4,1,1,0
48.69,4.69,4,1,1,0
169.0,11.7,0,1,1,0
37.41,15.06,3,0,0,0
14.34,4.47,0,1,1,0
16.57,2.25,3,1,0,0
112.51,27.02,1,1,1,0
77.22,62.41,4,1,1,0
13.0,11.19,5,1,1,0
11.59,2.83,1,1,0,0
95.54,4.77,3,1,1,0
10.67,0.28,3,1,0,0
134.39,36.85,3,1,1,0
96.87,1.88,2,1,0,0
11.36,12.89,3,1,0,0
11.65,4.8,3,1,1,0
328.66,12.12,4,0,1,0
40.16,15.81,3,1,0,0
39.73,26.56,1,1,0,0
130.67,3.47,2,1,1,0
225.66,0.17,4,1,1,0
325.16,2.21,1,1,1,0
109.99,34.54,4,0,0,0
40.4,31.06,2,1,0,0
11.54,13.65,1,1,0,0
117.59,13.76,5,1,0,0
66.3,16.41,6,1,1,0
46.4,2.89,1,1,1,0
182.62,36.87,7,1,0,1
13.84,8.14,4,0,0,0
55.89,7.25,3,1,0,0
5.86,10.98,3,1,1,0
52.43,0.72,0,1,1,0
9.35,2.73,3,1,0,0
14.49,20.09,3,1,0,0
14.38,1.3,1,0,1,0
83.57,13.86,0,1,1,0
107.79,4.22,2,1,1,0
70.67,7.4,4,1,0,0
250.6,5.11,6,1,0,1
40.23,6.59,3,0,1,0
30.24,19.04,3,0,0,0
157.21,5.29,2,1,0,0
23.98,12.53,1,1,1,0
252.72,9.7,0,0,0,0
5.92,16.34,2,1,1,0
267.69,41.43,6,1,0,1
8.31,19.78,6,1,0,0
171.33,3.63,3,1,1,0
61.26,0.48,3,0,0,0
376.76,4.56,2,0,1,0
10.75,13.56,5,1,1,0
65.53,0.79,3,1,0,0
266.27,10.29,2,1,1,0
60.53,13.63,2,1,0,0
79.45,6.1,2,1,1,0
94.24,22.1,3,1,0,0
50.46,1.69,1,1,1,0
79.08,1.17,6,1,0,0
70.84,19.54,4,1,1,0
178.57,10.26,6,0,1,0
8.49,17.49,2,1,1,0
29.74,8.56,5,0,0,0
230.3,4.24,2,1,0,0
170.73,25.65,3,1,1,0
50.61,24.1,6,1,1,0
77.59,17.8,6,1,0,1
29.37,4.76,5,0,1,0
20.63,13.38,4,0,0,0
51.73,6.72,3,1,1,0
37.7,1.44,1,0,0,0
70.72,37.39,4,1,0,1
11.07,2.21,3,1,1,0
279.87,45.01,4,1,0,1
326.29,8.86,2,1,1,0
