strike_rate,batting_average,boundary_percent,performance_tier
123.71,42.93,39.26,Elite
175.56,36.44,57.1,Regular
155.88,27.38,73.65,Elite
143.88,47.55,66.61,Regular
104.04,42.39,70.33,Regular
104.04,21.5,62.94,Regular
95.23,51.44,64.61,Regular
167.96,47.9,72.46,Regular
144.1,52.99,42.48,Regular
153.73,44.03,54.47,Elite
91.85,39.54,41.06,Regular
177.29,31.73,79.38,Regular
164.92,52.31,77.2,Regular
109.11,49.64,31.97,Regular
106.36,16.81,65.28,Regular
106.51,16.05,76.26,Regular
117.38,30.06,39.03,Elite
137.23,47.42,58.4,Regular
128.88,54.49,75.77,Regular
116.21,21.02,31.7,Regular
145.07,38.77,64.87,Elite
102.55,30.24,44.87,Regular
116.29,53.8,76.22,Regular
122.97,48.68,78.55,Regular
131.05,48.53,77.21,Regular
160.67,33.75,53.71,Elite
107.97,31.59,73.1,Elite
136.28,25.94,72.23,Elite
143.32,17.26,45.96,Regular
94.18,49.59,71.45,Regular
144.68,47.52,31.85,Regular
105.35,54.99,59.81,Regular
95.85,54.87,41.5,Regular
175.4,37.22,36.03,Regular
176.91,45.76,33.85,Regular
162.76,52.79,64.81,Regular
117.42,48.99,46.99,Regular
98.79,24.89,66.24,Regular
151.58,33.02,33.27,Elite
129.61,20.17,45.76,Regular
100.98,53.16,56.97,Regular
134.57,39.25,69.54,Elite
93.09,24.15,45.94,Regular
171.84,41.87,61.29,Regular
113.29,39.73,74.3,Elite
149.63,29.33,60.79,Elite
118.05,19.54,41.65,Regular
136.81,41.86,31.22,Elite
139.2,35.81,73.5,Elite
106.64,45.89,31.06,Regular
177.26,35.81,73.74,Regular
159.76,49.09,56.45,Regular
174.55,37.08,76.95,Regular
170.53,37.44,69.94,Regular
143.81,50.07,79.9,Regular
172.97,31.14,47.54,Regular
97.96,20.36,68.36,Regular
107.64,16.15,50.1,Regular
94.07,45.21,53.99,Regular
119.28,39.81,61.38,Elite
124.98,43.16,73.68,Elite
114.42,23.52,79.2,Regular
164.59,20.45,68.41,Regular
122.11,15.58,50.89,Regular
115.28,29.02,51.07,Elite
138.84,38.6,66.88,Elite
102.68,30.69,41.94,Regular
162.2,32.5,35.52,Elite
96.71,51.17,47.73,Regular
178.82,28.93,44.36,Regular
159.5,35.56,44.82,Elite
107.88,46.35,41.68,Regular
90.5,30.86,32.1,Regular
163.39,39.88,30.89,Regular
153.62,49.49,79.39,Regular
155.61,52.98,51.39,Regular
159.41,20.88,49.22,Regular
96.66,52.06,63.98,Regular
122.26,34.68,40.91,Elite
100.43,25.33,77.5,Regular
167.68,33.37,69.32,Regular
146.1,54.2,34.47,Regular
119.78,34.7,50.88,Elite
95.72,28.15,73.96,Regular
117.99,40.34,77.24,Elite
119.27,24.61,53.37,Regular
155.66,18.03,60.67,Regular
147.38,20.16,38.35,Regular
169.85,20.12,79.56,Regular
132.5,21.08,41.58,Regular
100.76,20.55,77.14,Regular
154.19,40.63,62.48,Elite
158.47,22.28,60.39,Regular
140.51,28.83,55.63,Elite
159.39,50.87,41.53,Regular
134.44,33.96,38.83,Elite
137.05,41.7,41.02,Elite
128.48,21.89,39.32,Regular
92.29,22.69,68.98,Regular
99.71,16.63,47.51,Regular
92.83,21.76,32.89,Regular
147.28,26.14,78.46,Elite
118.29,22.08,74.19,Regular
135.77,18.55,76.39,Regular
171.68,19.83,79.75,Regular
112.44,33.43,38.69,Elite
126.93,23.25,49.81,Regular
158.0,29.57,67.91,Elite
110.59,35.14,64.8,Elite
96.93,42.62,37.69,Regular
116.08,16.57,70.79,Regular
104.51,46.98,41.22,Regular
173.67,40.12,41.19,Regular
162.73,18.27,56.85,Regular
147.01,49.94,59.65,Regular
168.43,51.83,59.0,Regular
162.33,17.44,34.57,Regular
106.79,26.08,73.87,Regular
170.33,47.25,43.28,Regular
138.54,44.93,36.48,Elite
162.67,22.38,74.44,Regular
170.65,23.37,77.78,Regular
118.62,29.82,73.11,Elite
99.9,34.38,70.48,Regular
110.51,39.73,62.76,Elite
128.44,29.76,57.54,Elite
163.62,33.5,34.35,Elite
167.47,44.9,50.42,Regular
90.63,16.47,48.63,Regular
135.97,25.1,42.99,Elite
127.57,43.53,66.17,Elite
109.99,50.81,54.79,Regular
100.79,35.47,34.05,Regular
120.39,36.28,41.01,Elite
174.86,19.29,64.16,Regular
119.09,32.9,33.81,Elite
136.69,36.3,72.56,Elite
153.27,24.7,54.76,Regular
122.73,25.77,54.03,Elite
177.46,30.09,59.62,Regular
176.62,15.8,71.23,Regular
112.66,27.88,47.39,Elite
134.75,23.46,63.9,Elite
117.08,28.1,58.29,Elite
115.64,19.79,43.35,Regular
93.32,50.62,73.93,Regular
144.86,38.74,69.87,Elite
135.24,42.16,62.92,Elite
94.63,46.57,72.53,Regular
115.08,34.94,73.36,Elite
171.74,18.48,65.42,Regular
111.56,36.48,71.85,Elite
103.04,38.47,64.87,Regular
134.05,44.82,64.01,Elite
178.71,32.27,60.93,Regular
111.78,20.1,67.64,Regular
150.49,26.35,37.93,Elite
158.55,29.52,74.04,Elite
111.39,40.84,73.59,Elite
155.54,37.83,31.46,Elite
123.1,29.24,71.29,Elite
146.91,54.46,36.44,Regular
147.02,39.23,46.76,Elite
138.22,24.49,67.18,Elite
98.13,19.07,38.04,Regular
165.18,21.11,70.9,Regular
118.87,24.84,71.61,Regular
106.79,21.43,55.37,Regular
93.67,22.46,30.32,Regular
143.18,26.4,44.35,Elite
150.98,21.93,60.85,Regular
91.49,50.87,79.06,Regular
136.09,18.21,61.59,Regular
110.38,35.98,42.99,Elite
148.07,31.42,61.7,Elite
105.69,54.3,57.0,Regular
152.18,19.48,68.99,Regular
124.81,30.91,35.35,Elite
174.31,53.78,68.05,Regular
102.38,49.62,57.06,Regular
120.7,47.68,78.15,Regular
100.21,25.32,47.09,Regular
173.22,21.84,61.63,Regular
168.96,41.75,76.6,Regular
113.21,52.18,35.13,Regular
149.4,37.27,76.86,Elite
163.55,37.86,64.39,Elite
139.97,26.2,33.39,Elite
137.67,45.78,45.05,Elite
111.77,22.48,65.41,Regular
98.38,27.95,33.37,Regular
170.75,32.02,59.11,Regular
171.04,35.3,47.29,Regular
146.98,24.7,61.05,Elite
120.51,19.59,32.29,Regular
121.43,39.42,73.58,Elite
155.34,26.55,78.67,Elite
170.74,38.25,78.44,Regular
169.84,21.17,67.48,Regular
160.19,34.25,36.5,Elite
147.78,36.3,67.91,Elite
97.57,17.07,31.23,Regular
104.55,28.46,31.11,Regular
170.87,20.38,46.18,Regular
144.58,17.53,54.43,Regular
90.83,54.6,68.52,Regular
99.13,27.89,64.16,Regular
149.72,47.39,52.3,Regular
90.46,25.19,43.68,Regular
104.47,42.26,79.86,Regular
139.39,45.41,51.31,Elite
152.27,38.83,52.57,Elite
148.68,33.86,38.18,Elite
110.18,31.47,69.74,Elite
154.1,28.95,64.68,Elite
111.35,52.18,41.04,Regular
119.29,48.22,34.12,Regular
157.18,53.6,64.02,Regular
148.47,19.97,62.73,Regular
166.43,44.23,43.66,Regular
149.19,52.53,77.54,Regular
141.15,22.25,37.55,Regular
98.43,17.66,51.62,Regular
123.09,44.64,77.18,Elite
113.87,37.98,50.99,Elite
111.96,48.67,61.93,Regular
177.57,20.59,49.88,Regular
125.38,46.81,43.71,Regular
170.28,23.07,79.2,Regular
146.8,21.55,50.47,Regular
161.53,21.57,74.7,Regular
135.24,47.58,41.5,Regular
141.92,41.61,40.66,Elite
134.33,35.92,31.56,Elite
107.57,29.35,62.58,Regular
155.02,50.09,48.43,Regular
115.27,30.7,73.22,Elite
92.19,47.66,53.66,Regular
148.09,32.57,78.41,Elite
105.94,30.08,39.28,Regular
174.64,33.51,73.43,Regular
175.85,27.06,68.83,Regular
172.34,44.9,68.55,Regular
123.31,35.11,72.24,Elite
91.39,24.29,68.05,Regular
173.55,50.98,61.31,Regular
128.54,30.36,36.56,Elite
177.0,36.74,31.63,Regular
176.73,51.26,76.04,Regular
166.77,39.97,60.83,Regular
116.5,19.68,69.83,Regular
124.66,52.59,54.08,Regular
166.6,40.11,35.87,Regular
118.52,28.4,36.26,Elite
105.25,20.57,64.28,Regular
140.11,46.76,51.52,Elite
174.25,39.8,40.03,Regular
152.64,36.34,54.58,Elite
141.31,50.76,33.21,Regular
98.75,46.54,59.1,Regular
145.35,21.07,43.45,Regular
179.1,27.47,69.88,Regular
102.61,24.94,45.52,Regular
136.65,44.76,52.76,Elite
168.96,16.34,30.58,Regular
156.67,37.8,33.62,Elite
152.73,45.5,49.62,Regular
153.22,50.07,54.0,Regular
122.35,28.68,60.0,Elite
116.42,47.85,44.58,Regular
162.84,19.43,64.75,Regular
162.91,48.86,73.01,Regular
168.04,20.1,68.99,Regular
172.19,30.89,31.98,Regular
136.02,46.89,54.03,Elite
135.14,21.0,35.25,Regular
161.85,24.17,42.1,Regular
148.5,43.89,79.33,Elite
153.18,43.8,37.12,Elite
161.62,40.65,54.94,Regular
170.1,42.76,60.91,Regular
120.42,36.71,65.12,Elite
123.8,25.07,57.98,Elite
98.46,28.83,30.49,Regular
142.05,22.26,46.32,Regular
93.23,51.34,55.89,Regular
131.9,38.34,34.39,Elite
138.84,31.03,47.53,Elite
115.79,33.48,31.66,Elite
143.17,52.89,33.93,Regular
92.75,21.13,49.85,Regular
93.36,38.45,36.64,Regular
164.03,35.24,58.38,Elite
122.42,39.46,64.47,Elite
101.44,15.72,70.03,Regular
137.0,49.88,40.01,Regular
159.3,52.28,38.37,Regular
109.42,37.61,35.23,Elite
146.06,42.87,61.82,Elite
97.68,51.9,65.32,Regular
94.65,43.29,31.58,Regular
137.82,21.1,76.81,Regular
138.66,38.05,32.6,Elite
147.37,39.27,57.06,Elite
155.35,31.97,65.45,Elite
177.83,44.46,73.55,Regular
136.47,52.37,65.7,Regular
119.07,52.02,70.09,Regular
161.57,33.03,46.97,Elite
114.37,19.53,70.74,Regular
129.51,54.39,34.01,Regular
97.06,48.56,74.74,Regular
92.28,19.99,57.38,Regular
176.64,51.83,70.86,Regular
165.24,49.8,52.62,Regular
152.64,35.75,62.18,Elite
126.81,38.65,56.32,Elite
105.6,30.96,66.58,Regular
104.08,17.19,34.08,Regular
112.52,28.41,33.02,Elite
139.43,47.11,42.36,Regular
154.31,15.19,37.98,Regular
149.42,28.34,73.59,Elite
115.19,30.93,40.96,Elite
175.94,36.5,78.79,Regular
156.41,51.79,46.84,Regular
139.89,28.85,39.11,Elite
145.05,28.88,69.48,Elite
127.76,44.5,62.94,Elite
112.3,33.09,54.91,Elite
122.04,23.98,57.77,Regular
158.21,33.1,65.96,Elite
91.3,20.63,41.42,Regular
100.45,22.06,79.82,Regular
94.14,34.93,78.74,Regular
93.67,31.76,62.52,Regular
166.99,51.59,39.98,Regular
153.33,29.5,64.01,Elite
132.68,38.22,33.61,Elite
98.81,40.29,31.53,Regular
134.25,15.52,42.88,Regular
132.61,41.54,53.13,Elite
105.59,22.12,73.41,Regular
129.05,53.44,66.36,Regular
125.87,20.95,67.14,Regular
145.43,31.58,51.27,Elite
147.16,18.41,47.3,Regular
94.08,54.87,48.55,Regular
123.72,35.09,79.38,Elite
146.33,38.82,32.01,Elite
135.28,17.68,73.35,Regular
167.08,45.0,58.93,Regular
149.28,23.4,51.93,Regular
104.66,50.92,66.26,Regular
96.35,23.21,54.33,Regular
147.82,22.63,73.67,Regular
92.39,16.46,75.04,Regular
142.72,33.88,51.09,Elite
174.62,37.59,43.84,Regular
141.79,17.63,59.62,Regular
124.94,46.02,75.62,Elite
147.9,33.13,40.53,Elite
131.24,35.98,61.15,Elite
139.11,32.63,61.58,Elite
174.73,31.03,66.66,Regular
124.75,37.39,36.58,Elite
176.51,21.21,65.79,Regular
171.48,22.28,75.45,Regular
107.62,49.47,38.98,Regular
96.24,52.84,41.88,Regular
99.07,29.93,78.57,Regular
91.64,25.83,39.05,Regular
98.5,40.76,72.72,Regular
151.47,31.35,54.61,Elite
96.41,16.02,42.36,Regular
118.71,21.25,73.54,Regular
166.04,43.64,52.27,Regular
92.09,41.36,55.74,Regular
163.3,16.08,47.96,Regular
115.37,23.88,59.65,Regular
100.63,24.24,38.18,Regular
152.71,41.88,49.55,Elite
146.6,15.79,78.47,Regular
168.97,19.16,42.91,Regular
156.16,47.0,62.84,Regular
162.31,22.14,46.26,Regular
115.38,41.11,68.67,Elite
105.97,24.53,36.54,Regular
157.56,18.98,78.49,Regular
162.62,24.73,52.69,Regular
179.15,43.89,41.8,Regular
127.14,49.23,33.67,Regular
123.48,48.21,38.49,Regular
159.88,30.89,55.99,Elite
120.67,41.72,46.85,Elite
173.77,23.2,71.44,Regular
167.26,26.73,51.54,Regular
128.61,50.85,42.44,Regular
157.58,15.52,60.86,Regular
157.91,18.42,65.34,Regular
99.28,23.32,38.35,Regular
171.23,16.06,38.38,Regular
135.47,22.26,31.83,Regular
164.38,38.32,66.82,Regular
118.8,31.86,63.19,Elite
170.6,50.71,53.73,Regular
125.03,47.7,72.21,Regular
90.98,28.67,70.28,Regular
171.48,25.38,59.27,Regular
98.22,30.19,73.41,Regular
118.74,38.61,40.29,Elite
175.51,25.72,35.6,Regular
175.55,39.97,43.49,Regular
141.61,31.38,32.85,Elite
146.87,37.08,56.56,Elite
130.36,32.45,76.83,Elite
116.39,26.78,31.97,Elite
119.58,52.94,36.11,Regular
150.53,45.54,52.61,Regular
157.71,20.6,76.69,Regular
161.24,49.74,45.81,Regular
161.07,34.5,55.36,Elite
98.21,50.78,32.08,Regular
134.5,46.99,37.42,Elite
95.18,32.01,79.33,Regular
139.46,15.9,78.26,Regular
129.74,25.75,30.25,Elite
169.89,36.67,77.59,Regular
121.58,40.34,61.96,Elite
100.54,25.32,73.4,Regular
102.87,20.57,52.74,Regular
158.54,48.4,55.78,Regular
145.64,54.38,54.44,Regular
99.1,36.03,63.34,Regular
97.57,21.87,36.98,Regular
153.09,25.89,31.5,Elite
96.55,15.74,45.4,Regular
163.97,51.57,65.23,Regular
153.56,19.71,40.09,Regular
97.32,38.06,63.67,Regular
97.64,25.96,78.5,Regular
178.8,37.17,34.7,Regular
123.68,41.06,63.63,Elite
123.36,48.19,52.19,Regular
163.15,23.26,73.41,Regular
175.25,15.44,38.86,Regular
178.74,20.48,64.63,Regular
157.8,51.0,71.91,Regular
123.86,49.96,77.23,Regular
97.52,38.9,64.16,Regular
159.94,39.02,54.86,Elite
140.26,41.6,60.89,Elite
128.18,22.01,73.45,Regular
171.57,51.58,58.53,Regular
100.01,31.75,31.52,Regular
134.34,30.33,76.55,Elite
91.02,35.76,64.48,Regular
132.18,16.88,63.83,Regular
95.07,21.65,40.78,Regular
100.69,44.52,62.94,Regular
100.58,18.31,49.69,Regular
148.43,39.13,62.56,Elite
157.14,24.81,35.33,Regular
142.5,30.57,62.89,Elite
176.6,26.55,79.97,Regular
123.74,29.23,32.41,Elite
115.71,43.76,78.86,Elite
168.17,26.88,50.35,Regular
110.12,37.66,73.54,Elite
176.69,34.04,69.12,Regular
91.09,41.55,58.35,Regular
177.29,52.47,66.92,Regular
93.88,44.3,73.93,Regular
170.2,23.6,50.21,Regular
137.49,16.25,46.35,Regular
179.37,25.49,63.38,Regular
96.64,38.8,70.39,Regular
139.85,17.06,68.11,Regular
177.24,34.85,69.89,Regular
137.08,38.87,51.78,Elite
146.65,28.37,70.89,Elite
152.62,45.84,36.01,Regular
130.91,19.26,57.22,Regular
146.48,18.01,30.29,Regular
142.59,44.13,46.23,Elite
171.1,34.82,48.32,Regular
94.09,42.54,49.81,Regular
115.29,32.39,64.77,Elite
175.54,24.86,49.43,Regular
170.12,47.76,52.43,Regular
131.01,46.98,41.88,Regular
145.81,42.79,48.66,Elite
114.96,25.89,41.36,Regular
106.93,38.61,33.66,Elite
131.73,29.44,60.17,Elite
121.8,18.66,63.41,Regular
142.53,51.69,60.97,Regular
97.0,20.47,53.17,Regular
177.7,53.01,48.99,Regular
178.76,32.84,73.17,Regular
