cost_for_two,table_booking,online_delivery,votes,cuisines_count,photo_count,distance_km,menu_page_count,rating
1250.0,0,0,2600.0,4,1029.0,1.3,14,4.07
2860.0,0,1,2401.0,7,857.0,5.7,2,4.36
2250.0,0,1,138.0,3,78.0,12.2,7,3.76
1880.0,1,1,1713.0,7,623.0,6.3,12,5.0
640.0,0,1,1907.0,4,718.0,14.4,5,4.03
640.0,0,1,2000.0,6,767.0,15.3,11,4.27
360.0,1,1,2905.0,2,1152.0,2.5,5,4.63
2630.0,1,1,2673.0,6,1069.0,10.5,3,5.0
1880.0,1,1,3043.0,7,1272.0,10.4,5,5.0
2180.0,1,1,3827.0,2,1502.0,7.7,12,5.0
260.0,0,1,4067.0,1,1651.0,18.7,2,4.74
2920.0,0,1,3593.0,5,1574.0,16.6,4,4.77
2530.0,1,1,4778.0,6,1930.0,14.1,6,5.0
790.0,1,0,101.0,4,31.0,14.4,1,4.05
710.0,0,1,987.0,1,356.0,9.5,10,3.52
710.0,0,1,48.0,5,9.0,18.5,4,3.92
1050.0,0,0,3241.0,4,1252.0,14.0,6,4.25
1670.0,1,1,4491.0,3,1810.0,14.7,9,5.0
1410.0,1,1,1225.0,4,495.0,17.3,14,4.83
1020.0,0,0,4636.0,2,1746.0,5.8,11,4.54
1910.0,0,1,311.0,2,123.0,16.2,11,3.69
590.0,0,1,4673.0,3,1923.0,4.3,13,5.0
1020.0,1,1,1765.0,1,686.0,7.2,2,4.44
1230.0,1,1,516.0,5,174.0,7.0,11,4.4
1480.0,1,1,2435.0,4,905.0,19.6,7,4.86
2400.0,0,1,1291.0,2,424.0,17.2,6,3.73
760.0,0,1,1432.0,1,614.0,14.2,2,3.89
1640.0,0,1,1543.0,3,608.0,14.7,8,3.94
1860.0,0,1,4017.0,7,1645.0,11.5,7,5.0
330.0,1,1,2700.0,6,1157.0,19.0,11,5.0
1900.0,1,0,1563.0,7,671.0,10.2,5,4.27
680.0,1,1,3056.0,7,1195.0,7.9,12,5.0
380.0,1,1,3584.0,2,1441.0,3.7,5,4.88
2860.0,0,0,1370.0,3,517.0,15.8,7,3.85
2900.0,1,0,2074.0,4,794.0,14.8,9,4.44
2460.0,1,1,618.0,7,264.0,8.0,11,4.68
1050.0,1,1,914.0,7,324.0,1.0,9,4.63
470.0,0,1,3409.0,5,1253.0,16.9,9,4.93
2120.0,0,0,915.0,2,322.0,0.7,6,3.46
1430.0,0,1,2631.0,2,1037.0,14.2,10,4.65
540.0,1,1,3548.0,4,1495.0,19.4,6,5.0
1590.0,0,1,543.0,6,193.0,9.0,3,4.04
300.0,0,1,2841.0,1,1162.0,5.1,1,4.17
2750.0,0,1,1290.0,5,508.0,14.2,7,4.2
920.0,0,1,4815.0,2,1987.0,16.4,4,4.88
2060.0,0,1,2423.0,5,1027.0,11.2,1,4.57
1070.0,0,1,4032.0,2,1672.0,19.4,8,4.66
1660.0,0,0,2756.0,5,1016.0,1.5,12,4.23
1730.0,0,1,227.0,3,101.0,10.3,6,3.73
720.0,1,0,3169.0,7,1306.0,14.5,6,4.85
2910.0,0,1,4758.0,2,1922.0,17.3,2,5.0
2370.0,1,1,3012.0,5,1237.0,4.0,1,5.0
2830.0,0,1,4098.0,1,1642.0,16.1,13,4.93
2710.0,0,1,4422.0,3,1732.0,11.3,14,5.0
1870.0,1,1,1148.0,3,374.0,8.2,14,4.63
2780.0,0,1,1068.0,1,395.0,3.1,2,3.94
450.0,0,1,3059.0,5,1357.0,17.4,4,4.69
750.0,0,1,2061.0,4,800.0,3.6,2,4.18
330.0,1,1,4201.0,1,1582.0,6.5,1,5.0
1110.0,0,1,4501.0,5,1837.0,6.2,7,5.0
1290.0,1,1,1774.0,1,752.0,17.5,11,4.1
960.0,0,1,1192.0,1,541.0,13.6,11,3.84
2520.0,0,1,3905.0,2,1585.0,16.0,12,5.0
1200.0,0,1,1381.0,5,595.0,5.4,8,4.09
990.0,0,1,4115.0,4,1738.0,12.7,6,4.77
1720.0,0,1,2124.0,7,813.0,11.6,4,4.5
590.0,0,1,3341.0,2,1289.0,16.7,14,4.16
2450.0,0,0,487.0,1,140.0,18.2,6,3.45
410.0,1,1,3123.0,7,1236.0,0.7,3,5.0
2960.0,0,1,2264.0,6,977.0,13.6,12,4.69
2360.0,0,1,2937.0,7,1201.0,1.5,8,4.96
760.0,1,1,848.0,1,364.0,11.2,10,3.94
220.0,0,0,3687.0,1,1384.0,6.1,14,4.26
2480.0,0,0,4315.0,5,1691.0,6.5,13,4.98
2180.0,1,1,1092.0,5,345.0,7.4,13,4.5
2240.0,1,1,488.0,2,254.0,12.6,2,4.27
2360.0,0,1,128.0,4,130.0,7.0,5,3.81
410.0,1,1,3213.0,2,1324.0,14.8,1,4.73
1200.0,0,1,3039.0,3,1166.0,8.4,6,4.55
520.0,0,1,2738.0,1,1169.0,1.8,2,4.14
2620.0,0,1,1167.0,7,454.0,15.8,4,4.51
1950.0,1,0,1961.0,6,724.0,6.1,6,4.63
1130.0,0,1,2976.0,1,1142.0,8.9,10,4.06
380.0,0,1,2489.0,1,974.0,13.9,11,4.16
1070.0,0,1,4939.0,2,1978.0,7.0,8,5.0
1110.0,0,1,691.0,6,268.0,1.6,12,3.81
2240.0,0,1,3479.0,6,1321.0,7.8,8,5.0
1990.0,0,0,2028.0,6,872.0,18.9,11,4.39
2680.0,0,1,2147.0,2,851.0,13.0,6,4.09
1520.0,0,1,3591.0,1,1401.0,13.6,4,4.4
530.0,0,1,3465.0,2,1442.0,12.8,8,4.46
2200.0,0,1,4956.0,5,1923.0,4.4,13,5.0
2330.0,0,1,651.0,5,179.0,8.7,8,4.16
1770.0,0,1,530.0,2,275.0,15.1,10,3.74
2360.0,1,1,3624.0,6,1544.0,2.5,14,5.0
1580.0,0,0,2896.0,1,1135.0,5.9,1,3.91
1660.0,0,1,1378.0,2,549.0,5.9,4,4.19
1400.0,0,0,406.0,2,105.0,8.9,4,3.7
270.0,0,1,437.0,2,175.0,19.6,7,3.67
500.0,0,1,4472.0,3,1765.0,1.8,14,4.83
290.0,0,0,967.0,5,382.0,10.6,14,3.63
1980.0,0,1,1624.0,7,670.0,4.0,11,4.57
1080.0,0,1,1141.0,6,401.0,19.4,7,4.17
1620.0,0,1,1781.0,4,694.0,2.7,13,3.91
2740.0,0,1,356.0,7,52.0,8.4,11,4.34
900.0,0,0,2600.0,6,1022.0,14.9,8,4.6
1350.0,0,1,347.0,4,134.0,14.2,11,3.93
2320.0,0,1,4004.0,3,1613.0,8.7,5,4.66
840.0,0,1,1176.0,2,482.0,7.3,7,3.7
420.0,0,0,2705.0,3,1127.0,8.3,8,3.71
1010.0,0,1,4402.0,3,1684.0,5.7,9,5.0
650.0,1,1,3258.0,7,1229.0,4.5,3,5.0
2800.0,0,1,2669.0,1,1094.0,9.9,3,4.82
2460.0,0,1,1628.0,7,549.0,5.7,4,4.89
1970.0,1,1,1672.0,5,678.0,6.1,5,4.58
2640.0,1,1,3351.0,4,1281.0,13.3,10,5.0
2450.0,0,0,4971.0,2,2067.0,19.4,1,4.94
720.0,0,1,3313.0,7,1338.0,12.3,7,4.51
2700.0,1,1,2793.0,4,1106.0,2.0,9,4.99
1710.0,1,0,3656.0,6,1524.0,2.0,8,5.0
2460.0,0,1,2331.0,4,879.0,19.1,5,4.84
2710.0,0,1,310.0,6,80.0,6.3,14,4.07
1090.0,0,1,2816.0,7,1063.0,2.3,14,4.69
510.0,0,1,4789.0,5,1872.0,12.2,4,5.0
840.0,0,1,885.0,7,357.0,12.7,12,4.32
1400.0,0,1,3453.0,6,1406.0,13.1,7,4.78
2490.0,0,0,1013.0,4,453.0,5.7,5,3.81
2610.0,1,1,2684.0,4,982.0,0.8,7,4.91
220.0,0,1,492.0,6,188.0,19.3,12,3.59
1630.0,0,1,2257.0,3,848.0,5.4,1,4.1
1370.0,1,1,3783.0,5,1503.0,13.7,1,5.0
820.0,1,1,1744.0,1,814.0,14.3,10,4.32
540.0,0,0,3328.0,2,1346.0,12.4,14,4.16
1150.0,0,1,3979.0,4,1637.0,6.6,13,4.84
2840.0,0,1,4637.0,2,1953.0,5.8,3,4.93
1100.0,0,0,1181.0,1,529.0,12.2,14,3.79
1650.0,0,1,2003.0,7,779.0,17.4,11,4.73
2170.0,0,1,771.0,2,244.0,19.0,2,3.79
1220.0,0,1,4962.0,1,1983.0,2.6,2,4.97
2920.0,0,1,4636.0,6,1826.0,3.5,7,5.0
2890.0,0,1,2704.0,3,1006.0,18.9,12,3.96
900.0,0,1,4212.0,4,1697.0,14.9,10,4.91
1590.0,0,1,2610.0,1,1057.0,17.7,2,4.3
1040.0,0,1,3122.0,2,1337.0,4.5,11,4.11
1000.0,0,1,455.0,4,164.0,12.0,4,3.89
300.0,1,1,3779.0,3,1526.0,14.2,2,5.0
1910.0,0,1,647.0,6,226.0,13.8,6,4.14
1610.0,0,1,4132.0,7,1696.0,8.5,8,5.0
340.0,1,1,3912.0,4,1559.0,0.8,10,5.0
980.0,0,1,3547.0,7,1360.0,11.9,4,5.0
2740.0,0,1,190.0,1,76.0,5.4,5,3.81
870.0,0,1,1523.0,3,629.0,9.3,4,4.23
610.0,0,1,1323.0,2,542.0,19.2,3,3.63
1570.0,1,1,1807.0,3,775.0,8.3,5,4.46
2960.0,0,1,447.0,3,107.0,16.9,14,3.95
880.0,0,1,4685.0,5,1832.0,4.2,9,5.0
2080.0,0,0,2773.0,3,1141.0,13.6,8,4.19
2330.0,0,1,1535.0,3,578.0,19.6,8,4.39
870.0,0,1,1991.0,4,808.0,2.5,8,4.17
2240.0,0,0,2242.0,2,776.0,0.7,12,3.82
1230.0,0,1,3007.0,4,1339.0,9.0,8,4.4
1970.0,1,0,2583.0,4,1020.0,2.3,7,5.0
1970.0,0,1,4598.0,1,1899.0,15.1,8,4.83
1700.0,0,1,2490.0,4,979.0,18.3,11,4.18
450.0,0,0,4961.0,5,2005.0,9.0,14,4.57
2540.0,0,1,4259.0,5,1778.0,5.5,8,5.0
1100.0,0,1,1050.0,7,478.0,9.0,13,4.17
720.0,0,1,4654.0,1,1851.0,14.6,14,4.97
310.0,0,0,591.0,7,230.0,0.7,8,3.93
1850.0,0,1,4089.0,7,1686.0,12.0,12,5.0
2100.0,0,1,1909.0,6,880.0,12.5,10,4.38
250.0,1,1,4391.0,2,1766.0,12.9,7,5.0
1630.0,0,1,4342.0,2,1834.0,5.2,12,4.49
830.0,0,1,4032.0,4,1601.0,14.4,1,5.0
2010.0,0,1,3952.0,4,1628.0,2.3,4,5.0
690.0,1,1,1530.0,6,667.0,4.4,13,4.87
2130.0,0,1,414.0,4,145.0,17.6,13,3.65
1280.0,0,0,2021.0,2,771.0,14.9,4,4.13
2820.0,1,1,876.0,7,408.0,0.8,5,4.66
590.0,1,1,3478.0,3,1365.0,5.3,10,4.84
1150.0,1,1,1737.0,5,650.0,4.7,6,4.71
520.0,0,1,4878.0,3,1917.0,5.8,4,4.98
2790.0,0,1,3208.0,3,1257.0,5.3,2,4.46
2660.0,0,1,4114.0,2,1689.0,1.7,6,4.68
920.0,1,0,671.0,3,294.0,9.4,8,3.77
2050.0,0,1,4311.0,6,1760.0,14.8,8,4.99
2490.0,0,1,4615.0,1,1867.0,12.3,7,4.84
1750.0,0,0,2440.0,4,946.0,13.6,6,3.91
1680.0,1,1,3035.0,1,1249.0,2.1,2,4.69
880.0,0,1,3826.0,7,1590.0,19.1,7,5.0
460.0,0,0,882.0,5,382.0,16.9,11,3.87
2710.0,0,1,2518.0,4,1030.0,16.2,12,4.33
2720.0,0,1,1999.0,3,761.0,16.5,14,4.5
1970.0,0,1,740.0,5,307.0,18.7,14,3.64
1150.0,0,0,1844.0,4,697.0,11.1,5,4.45
1180.0,0,1,350.0,6,139.0,4.4,6,4.19
2230.0,0,1,139.0,6,-26.0,12.5,10,3.84
2710.0,0,1,684.0,6,192.0,15.0,8,4.23
2680.0,0,1,4816.0,6,1917.0,14.9,14,5.0
2380.0,0,0,2752.0,3,1073.0,10.7,8,4.27
2000.0,0,1,4829.0,1,1937.0,1.8,3,4.9
440.0,0,0,2168.0,4,861.0,7.7,12,3.84
650.0,0,0,1566.0,3,628.0,18.5,12,3.67
2720.0,0,1,2536.0,6,1045.0,11.9,14,4.59
1900.0,0,1,2203.0,7,858.0,11.0,7,4.4
230.0,1,1,537.0,1,204.0,5.7,1,3.79
480.0,0,1,3208.0,7,1356.0,7.7,1,4.52
2060.0,1,1,1088.0,5,435.0,18.0,7,4.76
210.0,0,1,3102.0,7,1232.0,13.5,10,4.57
650.0,0,1,3255.0,5,1306.0,15.9,9,4.43
1740.0,1,1,769.0,5,299.0,9.4,7,4.64
2140.0,0,1,316.0,6,91.0,12.8,10,4.07
2030.0,0,0,3906.0,5,1512.0,5.3,5,4.89
830.0,0,1,2304.0,2,884.0,14.3,8,4.35
2190.0,0,1,300.0,4,164.0,8.8,2,4.22
860.0,1,1,4974.0,4,1958.0,9.1,9,5.0
1110.0,1,0,298.0,6,112.0,13.2,6,3.82
2290.0,1,1,3478.0,2,1426.0,18.8,13,5.0
2020.0,0,1,4919.0,7,1954.0,1.7,9,5.0
2580.0,1,1,1204.0,3,513.0,16.6,2,4.32
2040.0,1,1,720.0,7,211.0,6.2,3,4.66
1790.0,0,0,616.0,3,240.0,9.2,12,3.74
460.0,0,1,1523.0,5,613.0,0.9,8,3.98
1230.0,1,1,514.0,1,207.0,6.4,1,4.29
940.0,0,1,3464.0,3,1303.0,10.3,10,4.41
880.0,1,1,321.0,1,188.0,1.6,7,3.9
2920.0,0,1,2552.0,4,978.0,10.1,7,4.65
1300.0,1,1,4984.0,1,2010.0,18.6,13,5.0
2700.0,0,1,4072.0,4,1629.0,2.6,1,4.65
1970.0,0,1,3080.0,2,1282.0,15.4,9,4.68
2430.0,0,1,1538.0,2,725.0,8.5,8,3.94
1610.0,1,1,3123.0,6,1185.0,13.3,4,5.0
1820.0,0,1,2640.0,6,1024.0,5.6,10,4.41
1580.0,0,0,2136.0,5,864.0,3.6,11,3.95
750.0,0,1,662.0,3,210.0,3.6,5,3.92
2220.0,1,1,4434.0,5,1813.0,1.9,2,5.0
990.0,0,1,2254.0,4,944.0,4.1,13,4.24
270.0,1,1,981.0,5,420.0,13.5,9,4.49
2010.0,0,1,1845.0,1,750.0,17.7,12,3.85
700.0,0,0,2077.0,4,899.0,16.4,12,4.02
2830.0,0,1,4139.0,6,1598.0,13.9,6,5.0
2870.0,0,1,3671.0,2,1472.0,2.7,3,4.67
2760.0,1,1,3849.0,6,1503.0,6.1,12,5.0
1240.0,0,1,65.0,3,71.0,6.5,7,3.62
240.0,0,1,2087.0,4,743.0,5.4,9,4.2
2800.0,1,1,2412.0,4,963.0,10.5,3,4.87
1400.0,0,0,106.0,1,59.0,10.9,2,3.02
2910.0,0,0,1306.0,3,475.0,7.5,7,3.87
2900.0,1,1,3804.0,2,1490.0,7.4,7,5.0
2590.0,0,1,694.0,7,278.0,16.7,4,4.02
1020.0,0,1,2681.0,4,1120.0,15.9,11,4.47
1280.0,1,1,1084.0,4,382.0,6.5,9,4.77
2580.0,0,0,70.0,1,-15.0,18.3,14,3.23
1090.0,0,0,1214.0,5,542.0,19.1,8,4.15
670.0,0,1,4880.0,2,1938.0,6.9,13,5.0
1760.0,1,1,4010.0,6,1565.0,7.4,13,5.0
2820.0,0,1,4798.0,3,1956.0,10.4,1,5.0
2150.0,0,1,2444.0,4,953.0,18.9,1,4.9
1800.0,1,0,558.0,4,274.0,17.6,5,4.06
470.0,1,1,2744.0,6,1065.0,2.5,6,5.0
1920.0,0,1,2277.0,2,903.0,8.2,3,3.91
2970.0,0,1,4223.0,5,1737.0,11.3,13,5.0
590.0,0,1,499.0,4,188.0,10.3,9,3.88
1650.0,1,1,2446.0,2,1016.0,4.3,12,5.0
2660.0,0,0,759.0,6,300.0,17.2,10,3.88
2270.0,0,0,1630.0,1,751.0,13.7,14,3.42
2150.0,1,1,3689.0,5,1554.0,16.8,6,5.0
2170.0,1,1,2385.0,3,888.0,17.2,4,4.82
1210.0,0,1,1886.0,4,780.0,15.1,12,4.47
1020.0,1,1,1978.0,2,751.0,9.1,7,4.66
2470.0,0,1,2303.0,1,931.0,12.4,8,4.31
2470.0,1,1,3927.0,3,1574.0,3.6,9,5.0
2630.0,0,1,4462.0,7,1732.0,13.6,13,5.0
2760.0,0,0,4777.0,2,1964.0,4.0,11,4.82
1630.0,1,1,3937.0,2,1585.0,14.0,6,5.0
1600.0,0,0,1584.0,3,619.0,5.0,6,3.79
2440.0,0,1,3444.0,1,1356.0,2.8,8,4.36
2020.0,1,1,2194.0,7,884.0,3.7,12,5.0
2170.0,1,0,1281.0,6,533.0,0.5,5,4.48
2430.0,0,1,4206.0,1,1676.0,14.5,14,4.71
2690.0,0,1,202.0,5,-61.0,14.8,3,3.89
1150.0,0,1,4510.0,4,1805.0,10.5,12,5.0
1250.0,0,1,2313.0,3,853.0,3.6,3,4.53
460.0,0,0,3190.0,6,1265.0,2.1,13,4.74
1820.0,0,1,3300.0,7,1250.0,0.9,6,5.0
300.0,1,1,4477.0,3,1720.0,3.7,2,5.0
1500.0,0,0,3187.0,3,1337.0,17.9,6,4.24
1720.0,0,1,3074.0,1,1213.0,5.2,13,4.33
1000.0,0,0,343.0,4,117.0,7.4,6,3.37
1850.0,1,0,2597.0,5,1063.0,2.6,8,4.85
290.0,0,1,759.0,2,285.0,4.8,7,3.34
300.0,0,0,3690.0,2,1581.0,10.6,8,4.63
2500.0,0,1,2566.0,3,1013.0,12.4,14,4.7
1210.0,0,1,3404.0,4,1380.0,5.3,9,4.78
560.0,0,1,218.0,7,136.0,1.6,6,3.91
1660.0,1,1,433.0,7,253.0,8.1,14,4.77
2360.0,1,0,3584.0,6,1397.0,5.1,3,5.0
800.0,0,0,370.0,1,127.0,4.8,10,3.48
1940.0,0,1,366.0,4,210.0,19.2,3,3.82
440.0,1,1,70.0,4,69.0,12.5,11,4.43
340.0,1,0,4783.0,1,1967.0,11.4,12,5.0
1690.0,0,1,3690.0,7,1408.0,8.6,1,5.0
1710.0,0,0,1773.0,7,786.0,8.9,11,4.48
1980.0,0,1,1490.0,7,558.0,11.0,13,4.33
2230.0,0,1,1755.0,3,712.0,14.1,5,3.96
2930.0,1,1,3876.0,4,1543.0,14.2,14,5.0
1650.0,1,1,3310.0,2,1280.0,3.8,4,4.97
1100.0,1,1,934.0,1,303.0,10.3,9,4.11
2430.0,0,1,879.0,7,264.0,8.5,9,4.51
960.0,0,1,501.0,6,206.0,17.5,14,3.99
1430.0,1,0,3305.0,7,1246.0,12.8,5,5.0
420.0,1,1,3824.0,7,1473.0,10.9,10,5.0
270.0,0,1,1333.0,5,522.0,2.8,4,4.25
2900.0,1,1,115.0,3,-86.0,12.3,7,4.35
2540.0,1,1,420.0,1,207.0,2.8,6,4.28
2150.0,0,1,4840.0,5,1815.0,7.1,4,5.0
1350.0,0,1,1484.0,5,590.0,3.3,13,4.46
690.0,0,1,3848.0,6,1540.0,14.0,13,5.0
640.0,0,0,3127.0,4,1278.0,4.5,10,4.48
900.0,0,0,1916.0,6,764.0,8.1,2,3.96
1740.0,1,1,1036.0,4,515.0,18.0,1,4.31
2200.0,0,0,616.0,4,257.0,4.5,4,3.61
2050.0,0,1,3079.0,1,1284.0,10.4,4,4.3
980.0,0,1,3875.0,7,1514.0,8.7,13,5.0
2870.0,0,1,3223.0,1,1295.0,0.9,1,4.65
2270.0,1,1,2656.0,3,1140.0,16.0,6,4.98
1750.0,0,0,219.0,4,76.0,1.8,4,3.57
1910.0,0,1,4843.0,5,1947.0,9.7,1,5.0
1370.0,1,1,3996.0,7,1647.0,11.4,1,5.0
890.0,0,1,1471.0,2,551.0,12.8,13,4.08
1200.0,0,1,4900.0,3,1852.0,13.9,1,4.65
2320.0,0,1,3013.0,1,1218.0,5.4,8,4.42
240.0,0,1,2916.0,6,1216.0,0.7,10,4.68
530.0,0,1,3743.0,3,1430.0,14.6,8,4.81
330.0,0,1,4061.0,3,1658.0,10.9,2,4.53
310.0,0,1,3286.0,7,1348.0,16.8,11,4.61
2600.0,1,0,649.0,3,146.0,16.5,13,4.21
2170.0,0,1,1698.0,3,632.0,16.9,7,3.79
1530.0,0,0,4641.0,2,1837.0,10.0,14,4.94
470.0,0,0,1131.0,6,443.0,7.0,8,3.9
1580.0,0,1,1867.0,6,710.0,15.9,8,4.73
1530.0,0,1,2166.0,6,827.0,9.3,11,4.28
680.0,0,1,2203.0,4,965.0,4.1,10,4.2
1410.0,1,1,3069.0,5,1222.0,17.2,11,4.65
1320.0,0,1,4716.0,6,1852.0,17.7,13,5.0
1920.0,0,1,1211.0,3,482.0,9.6,7,3.97
1980.0,0,1,616.0,3,273.0,2.0,5,3.44
330.0,1,1,995.0,6,401.0,8.1,1,4.43
1250.0,0,1,4436.0,7,1764.0,16.2,12,4.84
1950.0,0,0,3233.0,6,1261.0,18.1,9,4.55
1610.0,0,1,1437.0,3,542.0,4.5,13,4.28
2600.0,1,1,4082.0,4,1603.0,1.8,7,5.0
2040.0,0,1,4308.0,1,1740.0,17.6,2,5.0
660.0,1,1,4234.0,1,1644.0,8.1,6,5.0
400.0,0,1,4595.0,6,1858.0,11.1,2,5.0
2000.0,0,1,1269.0,2,578.0,19.4,1,3.8
270.0,0,1,3778.0,6,1527.0,1.8,14,4.73
1840.0,0,1,2308.0,7,905.0,13.1,7,4.72
2830.0,0,1,4212.0,6,1620.0,1.9,13,4.9
1810.0,0,1,3645.0,1,1537.0,7.8,2,4.66
1290.0,1,1,3884.0,3,1495.0,16.2,13,5.0
2000.0,0,1,3284.0,6,1356.0,9.0,14,5.0
1480.0,0,1,895.0,3,390.0,19.9,14,4.01
1730.0,0,1,2730.0,3,1080.0,11.4,2,4.67
2840.0,0,1,4924.0,2,1956.0,6.8,13,4.96
1280.0,0,0,4688.0,3,1783.0,4.8,11,4.96
2890.0,0,1,225.0,1,107.0,7.3,5,3.92
2730.0,0,1,832.0,4,364.0,7.8,14,4.03
750.0,1,0,667.0,4,212.0,1.8,5,3.88
390.0,1,1,3633.0,5,1445.0,7.7,7,5.0
480.0,0,1,4091.0,7,1638.0,9.6,1,5.0
250.0,0,0,1075.0,6,459.0,14.6,8,4.36
460.0,0,1,2534.0,7,1014.0,13.3,3,4.41
2110.0,0,1,4205.0,1,1601.0,14.3,4,4.55
400.0,0,1,3667.0,3,1440.0,0.7,9,4.81
1090.0,0,1,2716.0,4,1098.0,4.7,4,4.32
2570.0,1,1,2956.0,7,1224.0,13.4,10,5.0
270.0,0,1,2547.0,1,988.0,9.9,12,4.21
2480.0,0,1,1495.0,4,707.0,0.6,5,4.21
990.0,0,1,2829.0,3,1037.0,16.2,7,4.51
530.0,0,0,3448.0,7,1351.0,15.6,4,4.71
2150.0,0,1,4368.0,4,1743.0,11.2,14,5.0
1960.0,0,1,3185.0,6,1264.0,1.8,1,4.49
2660.0,0,1,3808.0,6,1462.0,15.4,9,5.0
2260.0,1,1,809.0,5,346.0,11.9,4,4.84
2450.0,0,1,2313.0,5,944.0,15.7,9,4.22
990.0,0,1,57.0,4,25.0,15.2,6,3.47
700.0,0,0,1241.0,1,513.0,16.2,1,3.59
2300.0,0,1,3635.0,6,1433.0,10.6,12,5.0
2460.0,0,1,4959.0,1,1903.0,3.2,3,5.0
2970.0,1,1,505.0,1,166.0,13.6,11,4.03
1360.0,1,0,2013.0,4,813.0,12.6,2,4.71
1240.0,1,0,4002.0,1,1609.0,15.0,9,4.84
2370.0,0,1,1028.0,6,413.0,3.8,12,4.37
1150.0,0,1,2780.0,3,1139.0,4.3,1,4.48
2810.0,0,1,3668.0,5,1438.0,17.9,13,5.0
2600.0,0,1,3084.0,3,1235.0,15.1,14,4.75
1400.0,1,1,948.0,1,408.0,18.2,9,4.21
2300.0,0,1,1783.0,3,709.0,15.3,9,3.97
2310.0,0,1,3921.0,6,1506.0,12.1,8,5.0
490.0,0,0,2776.0,6,1062.0,13.3,8,4.52
2730.0,0,0,36.0,1,56.0,17.8,11,2.89
1610.0,0,0,3807.0,4,1593.0,11.8,14,4.46
2510.0,0,1,186.0,3,133.0,12.8,12,3.96
1100.0,0,1,3731.0,4,1504.0,3.6,1,4.41
2710.0,1,1,1020.0,4,348.0,9.7,11,4.73
1290.0,1,1,4791.0,2,1916.0,14.5,8,5.0
230.0,0,1,1846.0,1,817.0,5.8,10,4.17
2740.0,0,1,1641.0,5,687.0,4.4,14,4.36
460.0,0,1,753.0,6,291.0,6.6,3,3.85
1090.0,0,1,1535.0,6,645.0,5.2,11,4.34
2860.0,0,0,4384.0,1,1690.0,4.7,7,4.62
2860.0,0,1,4982.0,7,1958.0,8.8,11,5.0
1810.0,0,0,1848.0,7,685.0,18.2,1,4.7
1970.0,0,1,2249.0,7,923.0,10.4,1,4.45
1460.0,0,1,3613.0,5,1481.0,4.2,10,4.4
1020.0,0,0,4432.0,6,1765.0,2.0,13,5.0
1120.0,1,0,2969.0,1,1144.0,14.1,5,4.39
2080.0,1,1,1964.0,6,784.0,8.0,5,4.88
2310.0,0,1,2069.0,4,803.0,16.5,8,4.3
2420.0,1,1,3481.0,3,1353.0,13.4,7,5.0
2410.0,0,1,26.0,3,27.0,16.0,8,3.54
460.0,1,0,3102.0,6,1203.0,5.8,6,4.7
1580.0,1,0,1784.0,2,635.0,14.0,6,4.28
360.0,0,1,3973.0,5,1522.0,5.6,2,4.79
1740.0,0,1,474.0,7,109.0,18.8,6,4.24
1440.0,0,0,2945.0,5,1190.0,12.9,5,4.49
2690.0,0,1,2410.0,5,972.0,6.8,13,4.4
1180.0,0,1,3215.0,4,1291.0,5.8,3,4.65
530.0,0,1,334.0,5,163.0,4.2,6,3.71
600.0,0,1,2904.0,3,1221.0,14.0,8,4.21
2330.0,1,1,2812.0,4,1095.0,4.8,9,5.0
1930.0,1,1,2808.0,1,1143.0,12.1,1,4.75
480.0,0,1,3021.0,5,1130.0,5.7,3,4.51
440.0,0,0,3386.0,5,1423.0,13.4,3,4.28
2160.0,0,0,4027.0,1,1549.0,16.4,11,4.26
400.0,0,1,1356.0,5,507.0,15.7,8,4.49
2500.0,1,1,4127.0,1,1621.0,15.3,1,5.0
2180.0,0,1,2496.0,4,922.0,4.2,5,4.27
430.0,0,1,395.0,3,159.0,2.2,3,3.7
440.0,0,1,302.0,1,132.0,14.1,2,3.67
2960.0,0,0,1678.0,2,662.0,7.7,8,3.93
1250.0,0,1,3927.0,1,1494.0,8.9,3,4.88
1240.0,1,1,3541.0,5,1516.0,1.1,7,4.95
2480.0,0,1,3945.0,7,1606.0,5.6,12,4.79
2850.0,0,0,2591.0,7,1168.0,1.2,11,4.62
2960.0,0,1,2207.0,4,842.0,17.6,1,4.52
2310.0,1,1,746.0,6,346.0,5.2,6,3.92
1250.0,1,1,1648.0,4,698.0,11.4,3,4.49
430.0,0,1,2176.0,6,856.0,1.3,8,4.22
2380.0,0,1,452.0,7,251.0,13.5,6,3.86
1760.0,0,1,1111.0,7,424.0,6.8,12,4.08
1390.0,0,1,2995.0,1,1180.0,18.0,2,4.46
2740.0,1,1,3681.0,3,1299.0,17.8,6,5.0
510.0,0,0,4992.0,2,2017.0,6.8,7,4.5
1580.0,0,1,4666.0,4,1800.0,18.1,5,4.77
230.0,0,1,3216.0,5,1259.0,19.9,3,4.89
1510.0,0,1,2112.0,6,794.0,16.6,4,4.57
360.0,0,1,3185.0,5,1255.0,17.0,4,4.14
530.0,1,1,3930.0,3,1594.0,5.4,6,4.97
530.0,0,1,600.0,6,241.0,11.7,10,4.06
2020.0,0,1,2055.0,4,858.0,1.8,1,4.6
2290.0,0,0,4201.0,1,1744.0,2.4,11,4.69
1830.0,0,1,1925.0,5,752.0,20.0,4,4.3
2890.0,0,1,2864.0,3,1122.0,6.9,10,4.19
1250.0,0,0,2943.0,4,1225.0,15.1,13,4.48
1000.0,1,1,931.0,7,424.0,16.2,4,4.56
2630.0,0,1,1818.0,7,764.0,17.2,10,4.58
830.0,0,1,1679.0,4,624.0,20.0,1,4.1
2900.0,0,1,141.0,4,77.0,5.2,9,3.57
230.0,0,1,131.0,4,58.0,1.3,4,3.7
2920.0,1,1,4160.0,6,1717.0,8.5,7,5.0
320.0,1,1,1373.0,4,520.0,3.0,12,4.37
2700.0,0,1,2595.0,5,955.0,0.9,14,4.74
1680.0,0,1,1501.0,3,635.0,7.5,3,3.8
2980.0,0,1,4704.0,6,1754.0,15.8,10,5.0
410.0,0,1,1304.0,4,485.0,11.5,12,4.0
1750.0,0,1,2154.0,2,810.0,6.6,3,3.85
2910.0,0,1,4365.0,2,1694.0,13.3,14,4.94
1660.0,0,1,4211.0,3,1647.0,5.0,8,5.0
1960.0,0,1,939.0,7,436.0,0.8,8,4.19
2150.0,1,0,4015.0,1,1647.0,15.4,11,4.9
1470.0,0,1,2296.0,1,906.0,12.7,12,4.25
1960.0,0,0,2420.0,7,1025.0,15.4,1,4.37
1840.0,1,1,676.0,6,217.0,1.3,10,4.47
2720.0,0,1,412.0,6,105.0,16.8,2,3.84
330.0,0,1,3642.0,6,1500.0,12.6,8,4.85
990.0,0,1,2487.0,1,1024.0,11.5,1,4.09
2860.0,0,1,2190.0,2,853.0,12.7,12,4.4
2690.0,1,1,3650.0,1,1403.0,17.4,8,5.0
1480.0,1,1,3830.0,5,1605.0,11.9,8,5.0
1940.0,0,1,803.0,4,235.0,11.8,2,3.86
980.0,0,1,3055.0,6,1192.0,19.8,4,4.29
730.0,0,0,685.0,2,286.0,15.3,6,3.57
1500.0,0,1,3759.0,3,1594.0,9.1,12,4.82
1190.0,0,1,3288.0,3,1334.0,14.3,11,4.44
1830.0,1,1,4784.0,4,1937.0,8.1,9,5.0
420.0,0,1,354.0,2,113.0,5.0,8,3.26
2930.0,1,1,295.0,1,146.0,12.1,12,4.31
2960.0,0,1,1418.0,1,573.0,18.6,8,3.93
