song_id,tempo,danceability,energy,loudness,valence,is_hit
track_000,111.2,0.754,0.344,-8.25,0.309,0
track_001,174.6,0.648,0.623,-8.77,0.298,0
track_002,150.5,0.501,0.881,-14.67,0.825,0
track_003,135.9,0.829,0.771,-10.56,0.3,1
track_004,87.2,0.745,0.829,-10.06,0.318,1
track_005,87.2,0.406,0.714,-9.82,0.708,0
track_006,76.4,0.892,0.74,-7.46,0.46,1
track_007,165.3,0.835,0.862,-8.06,0.721,1
track_008,136.1,0.917,0.395,-7.1,0.152,1
track_009,147.9,0.772,0.582,-5.06,0.49,0
track_010,72.3,0.699,0.373,-4.43,0.127,0
track_011,176.7,0.572,0.97,-5.66,0.15,1
track_012,161.6,0.906,0.936,-2.58,0.825,1
track_013,93.4,0.863,0.231,-14.76,0.211,0
track_014,90.0,0.329,0.75,-12.45,0.526,0
track_015,90.2,0.317,0.922,-14.9,0.429,0
track_016,103.5,0.545,0.341,-6.58,0.378,0
track_017,127.7,0.827,0.643,-3.33,0.82,1
track_018,117.5,0.942,0.914,-11.83,0.117,1
track_019,102.0,0.398,0.226,-2.95,0.631,0
track_020,137.3,0.686,0.744,-14.22,0.871,0
track_021,85.3,0.548,0.432,-2.85,0.548,0
track_022,102.1,0.93,0.921,-10.43,0.849,1
track_023,110.3,0.847,0.957,-13.68,0.142,1
track_024,120.2,0.845,0.937,-8.68,0.435,1
track_025,156.4,0.605,0.57,-11.66,0.308,0
track_026,92.0,0.57,0.872,-11.3,0.685,0
track_027,126.6,0.478,0.859,-11.01,0.885,0
track_028,135.2,0.337,0.449,-4.56,0.305,0
track_029,75.1,0.862,0.847,-7.99,0.623,1
track_030,136.8,0.828,0.229,-10.95,0.258,0
track_031,88.8,0.95,0.665,-7.07,0.552,1
track_032,77.2,0.948,0.379,-5.69,0.471,1
track_033,174.4,0.661,0.294,-11.46,0.878,0
track_034,176.2,0.8,0.26,-9.62,0.587,0
track_035,158.9,0.914,0.743,-13.42,0.38,0
track_036,103.5,0.852,0.465,-12.65,0.191,0
track_037,80.7,0.461,0.765,-6.15,0.221,0
track_038,145.3,0.593,0.251,-12.64,0.28,0
track_039,118.4,0.384,0.446,-8.17,0.301,0
track_040,83.4,0.92,0.621,-5.78,0.78,1
track_041,124.5,0.694,0.817,-13.61,0.549,0
track_042,73.8,0.449,0.449,-7.62,0.519,0
track_043,170.0,0.737,0.688,-11.66,0.192,0
track_044,98.5,0.702,0.891,-2.48,0.788,1
track_045,142.9,0.533,0.68,-8.71,0.678,0
track_046,104.3,0.374,0.382,-4.52,0.154,0
track_047,127.2,0.737,0.219,-7.85,0.666,0
track_048,130.1,0.638,0.879,-14.44,0.535,0
track_049,90.3,0.802,0.217,-6.77,0.165,0
track_050,176.7,0.638,0.882,-2.63,0.467,1
track_051,155.3,0.854,0.613,-7.18,0.488,0
track_052,173.3,0.659,0.932,-4.35,0.233,1
track_053,168.4,0.665,0.823,-3.51,0.857,1
track_054,135.8,0.87,0.978,-12.03,0.78,1
track_055,171.4,0.562,0.474,-12.24,0.635,0
track_056,79.7,0.387,0.798,-7.06,0.47,0
track_057,91.6,0.319,0.514,-9.66,0.429,0
track_058,75.0,0.791,0.574,-4.08,0.621,1
track_059,105.8,0.703,0.689,-3.3,0.536,1
track_060,112.8,0.758,0.881,-10.41,0.15,1
track_061,99.8,0.438,0.968,-11.92,0.51,0
track_062,161.2,0.389,0.799,-4.85,0.745,0
track_063,109.2,0.309,0.526,-11.43,0.467,0
track_064,100.9,0.528,0.529,-4.31,0.142,1
track_065,129.7,0.683,0.775,-9.49,0.729,1
track_066,85.5,0.555,0.386,-6.32,0.261,0
track_067,158.2,0.584,0.286,-13.76,0.307,0
track_068,78.2,0.888,0.477,-6.89,0.232,1
track_069,178.6,0.526,0.424,-9.13,0.364,0
track_070,154.9,0.634,0.431,-7.37,0.705,0
track_071,91.9,0.809,0.382,-12.82,0.516,0
track_072,70.6,0.558,0.233,-5.42,0.264,0
track_073,159.7,0.704,0.214,-3.78,0.802,1
track_074,147.8,0.861,0.97,-12.18,0.804,1
track_075,150.2,0.917,0.534,-13.76,0.796,0
track_076,154.8,0.396,0.5,-14.69,0.291,0
track_077,78.1,0.902,0.73,-6.65,0.461,0
track_078,109.4,0.62,0.37,-7.11,0.888,0
track_079,82.7,0.468,0.941,-7.89,0.718,0
track_080,164.9,0.598,0.813,-11.98,0.122,0
track_081,138.6,0.937,0.27,-9.92,0.152,0
track_082,106.4,0.62,0.526,-7.27,0.471,0
track_083,77.0,0.514,0.886,-8.54,0.827,1
track_084,104.2,0.712,0.937,-2.16,0.531,1
track_085,105.8,0.456,0.565,-13.23,0.498,0
track_086,150.3,0.349,0.678,-5.96,0.184,0
track_087,140.1,0.384,0.33,-9.74,0.625,0
track_088,167.6,0.383,0.973,-9.43,0.758,0
track_089,121.9,0.399,0.381,-5.67,0.404,0
track_090,83.2,0.39,0.935,-6.0,0.72,0
track_091,148.5,0.717,0.707,-2.11,0.872,1
track_092,153.7,0.418,0.674,-13.33,0.263,0
track_093,131.7,0.525,0.6,-13.65,0.519,0
track_094,154.8,0.883,0.38,-5.58,0.33,0
track_095,124.3,0.608,0.338,-7.48,0.734,0
track_096,127.5,0.734,0.372,-11.44,0.562,0
track_097,117.0,0.412,0.345,-13.97,0.608,0
track_098,72.8,0.425,0.808,-13.89,0.738,0
track_099,81.9,0.327,0.473,-3.38,0.417,0
track_100,73.5,0.41,0.245,-12.51,0.832,0
track_101,140.0,0.481,0.956,-10.8,0.526,0
track_102,104.6,0.415,0.889,-12.05,0.226,0
track_103,125.9,0.358,0.924,-10.39,0.657,0
track_104,169.8,0.378,0.976,-14.1,0.735,0
track_105,97.4,0.6,0.336,-8.25,0.353,0
track_106,115.1,0.434,0.509,-14.12,0.786,0
track_107,153.1,0.537,0.791,-4.6,0.825,1
track_108,95.2,0.627,0.743,-11.96,0.322,0
track_109,78.5,0.749,0.32,-7.98,0.887,0
track_110,101.9,0.326,0.836,-3.56,0.213,0
track_111,87.7,0.82,0.375,-6.54,0.262,0
track_112,172.3,0.708,0.375,-8.07,0.247,0
track_113,158.9,0.353,0.619,-10.78,0.815,0
track_114,139.7,0.868,0.662,-10.67,0.623,1
track_115,165.9,0.899,0.652,-6.3,0.222,1
track_116,158.4,0.34,0.271,-2.08,0.452,0
track_117,90.5,0.48,0.884,-6.4,0.592,0
track_118,168.2,0.824,0.407,-7.75,0.167,0
track_119,129.3,0.786,0.301,-5.5,0.806,1
track_120,158.8,0.42,0.893,-8.95,0.743,0
track_121,168.6,0.436,0.945,-14.22,0.504,0
track_122,105.0,0.541,0.872,-7.69,0.874,0
track_123,82.1,0.615,0.831,-2.55,0.434,1
track_124,95.1,0.702,0.711,-12.72,0.887,0
track_125,117.0,0.54,0.63,-6.03,0.634,0
track_126,160.0,0.601,0.268,-12.39,0.608,0
track_127,164.7,0.786,0.519,-8.03,0.233,1
track_128,70.8,0.324,0.491,-13.74,0.806,0
track_129,126.2,0.464,0.403,-9.15,0.442,0
track_130,115.9,0.764,0.764,-5.17,0.23,1
track_131,94.4,0.882,0.587,-10.48,0.11,0
track_132,83.2,0.633,0.263,-6.36,0.548,0
track_133,107.1,0.646,0.372,-4.66,0.522,0
track_134,173.7,0.37,0.733,-2.95,0.675,0
track_135,105.6,0.591,0.259,-11.95,0.812,0
track_136,127.1,0.646,0.864,-9.81,0.164,0
track_137,147.3,0.458,0.586,-13.02,0.685,0
track_138,110.0,0.475,0.575,-2.1,0.25,1
track_139,176.9,0.545,0.662,-2.95,0.787,0
track_140,175.9,0.313,0.843,-7.98,0.755,0
track_141,97.7,0.509,0.471,-4.05,0.533,0
track_142,124.7,0.437,0.729,-8.23,0.668,0
track_143,103.1,0.513,0.641,-6.89,0.351,1
track_144,101.3,0.378,0.408,-13.84,0.477,0
track_145,74.1,0.879,0.885,-5.18,0.757,1
track_146,137.1,0.686,0.822,-13.34,0.467,0
track_147,125.3,0.741,0.714,-4.26,0.386,1
track_148,75.7,0.813,0.863,-4.83,0.495,1
track_149,100.7,0.624,0.876,-5.79,0.763,1
track_150,169.9,0.356,0.753,-14.53,0.368,0
track_151,96.4,0.649,0.853,-11.06,0.239,0
track_152,85.9,0.681,0.744,-11.58,0.67,0
track_153,123.8,0.785,0.731,-10.32,0.761,0
track_154,178.4,0.581,0.683,-13.86,0.181,0
track_155,96.6,0.383,0.787,-2.82,0.292,0
track_156,143.9,0.484,0.324,-7.8,0.214,0
track_157,153.8,0.536,0.887,-11.03,0.378,0
track_158,96.1,0.72,0.88,-9.84,0.46,1
track_159,150.1,0.671,0.223,-9.19,0.699,0
track_160,110.5,0.531,0.844,-7.19,0.621,1
track_161,139.6,0.941,0.301,-8.3,0.597,0
track_162,139.7,0.694,0.461,-3.05,0.382,1
track_163,128.9,0.454,0.78,-8.54,0.773,0
track_164,79.9,0.366,0.325,-2.1,0.477,0
track_165,161.9,0.399,0.838,-3.93,0.883,1
track_166,105.3,0.46,0.849,-12.29,0.607,0
track_167,90.5,0.404,0.596,-2.9,0.201,0
track_168,74.5,0.421,0.205,-13.49,0.641,0
track_169,135.0,0.485,0.424,-4.37,0.36,0
track_170,144.5,0.413,0.681,-10.05,0.649,0
track_171,71.8,0.883,0.965,-3.59,0.156,1
track_172,126.3,0.352,0.693,-3.72,0.24,0
track_173,94.9,0.641,0.403,-4.52,0.785,0
track_174,141.0,0.567,0.695,-4.73,0.282,1
track_175,89.2,0.939,0.621,-11.04,0.77,1
track_176,146.0,0.373,0.808,-13.95,0.323,0
track_177,112.5,0.559,0.283,-9.76,0.614,0
track_178,173.0,0.93,0.794,-12.74,0.655,1
track_179,85.1,0.863,0.622,-5.97,0.51,1
track_180,107.5,0.831,0.951,-10.5,0.344,1
track_181,82.5,0.468,0.467,-2.32,0.27,0
track_182,171.7,0.411,0.693,-6.67,0.127,0
track_183,166.5,0.735,0.927,-4.31,0.343,1
track_184,98.4,0.904,0.28,-13.28,0.623,0
track_185,142.6,0.662,0.931,-3.79,0.851,1
track_186,159.9,0.672,0.737,-3.0,0.797,1
track_187,131.1,0.482,0.253,-8.67,0.713,0
track_188,128.3,0.8,0.435,-7.12,0.731,0
track_189,96.6,0.422,0.752,-5.06,0.632,1
track_190,80.2,0.51,0.253,-12.73,0.308,0
track_191,168.7,0.577,0.654,-8.47,0.826,0
track_192,169.0,0.63,0.47,-9.82,0.637,0
track_193,139.6,0.458,0.684,-13.1,0.548,0
track_194,107.3,0.375,0.236,-10.22,0.189,0
track_195,108.4,0.697,0.88,-14.11,0.458,0
track_196,149.9,0.488,0.959,-14.66,0.468,0
track_197,168.7,0.678,0.956,-13.24,0.792,1
track_198,167.6,0.4,0.785,-2.48,0.537,0
track_199,155.8,0.613,0.301,-7.86,0.404,0
track_200,140.6,0.646,0.791,-2.44,0.881,1
track_201,79.3,0.334,0.219,-9.38,0.189,0
track_202,87.8,0.519,0.217,-10.95,0.438,0
track_203,168.8,0.387,0.452,-8.42,0.134,0
track_204,136.7,0.341,0.581,-9.29,0.692,0
track_205,71.0,0.943,0.801,-13.63,0.834,0
track_206,81.2,0.51,0.733,-6.67,0.324,0
track_207,143.0,0.826,0.548,-12.19,0.787,0
track_208,70.6,0.466,0.413,-6.95,0.334,0
track_209,87.7,0.743,0.978,-6.55,0.829,1
track_210,130.4,0.794,0.532,-13.02,0.703,0
track_211,146.1,0.687,0.552,-14.2,0.744,0
track_212,141.7,0.607,0.328,-4.85,0.114,0
track_213,94.7,0.568,0.82,-9.02,0.87,1
track_214,148.3,0.527,0.741,-14.24,0.681,0
track_215,96.1,0.904,0.372,-2.07,0.344,1
track_216,105.8,0.84,0.264,-14.25,0.764,0
track_217,152.1,0.927,0.731,-5.96,0.325,1
track_218,141.5,0.381,0.711,-2.21,0.798,0
track_219,163.4,0.775,0.413,-11.89,0.19,0
track_220,142.3,0.91,0.942,-13.15,0.663,1
track_221,132.5,0.418,0.318,-13.42,0.533,0
track_222,80.3,0.343,0.537,-11.06,0.177,0
track_223,110.4,0.782,0.936,-13.69,0.294,1
track_224,99.2,0.673,0.527,-6.0,0.11,0
track_225,96.8,0.847,0.698,-14.19,0.475,0
track_226,177.0,0.391,0.51,-8.38,0.341,0
track_227,113.2,0.817,0.414,-2.04,0.579,1
track_228,168.1,0.431,0.968,-4.42,0.338,0
track_229,139.4,0.406,0.519,-7.0,0.34,0
track_230,157.4,0.407,0.897,-11.02,0.695,1
track_231,125.3,0.829,0.379,-6.89,0.139,0
track_232,133.5,0.732,0.366,-8.15,0.822,0
track_233,124.2,0.64,0.224,-9.46,0.782,0
track_234,91.5,0.533,0.708,-13.3,0.634,0
track_235,149.5,0.87,0.487,-3.47,0.575,1
track_236,100.9,0.555,0.874,-9.15,0.814,0
track_237,72.7,0.831,0.569,-12.47,0.248,0
track_238,141.0,0.585,0.955,-10.22,0.163,1
track_239,89.5,0.545,0.345,-9.62,0.292,0
track_240,173.5,0.601,0.878,-4.24,0.736,1
track_241,174.9,0.496,0.806,-5.46,0.128,0
track_242,170.6,0.786,0.801,-5.0,0.566,1
track_243,110.7,0.627,0.859,-14.86,0.896,0
track_244,71.7,0.451,0.794,-9.59,0.785,0
track_245,172.1,0.885,0.688,-8.74,0.517,1
track_246,117.1,0.55,0.302,-14.75,0.151,0
track_247,176.3,0.653,0.225,-11.62,0.765,0
track_248,176.0,0.889,0.918,-5.12,0.579,1
track_249,163.8,0.706,0.681,-13.22,0.192,0
track_250,102.4,0.376,0.821,-8.04,0.175,0
track_251,112.4,0.911,0.576,-12.2,0.828,0
track_252,163.6,0.708,0.292,-14.84,0.635,0
track_253,104.9,0.518,0.298,-11.86,0.763,0
track_254,88.6,0.391,0.735,-2.31,0.803,0
track_255,131.2,0.816,0.536,-4.58,0.557,1
track_256,173.0,0.703,0.356,-2.53,0.514,1
track_257,146.6,0.647,0.583,-8.66,0.444,0
track_258,132.7,0.881,0.25,-13.57,0.354,0
track_259,80.7,0.813,0.654,-7.88,0.448,0
track_260,137.7,0.399,0.41,-9.09,0.719,0
track_261,178.9,0.503,0.822,-4.02,0.582,0
track_262,85.4,0.462,0.442,-13.72,0.814,0
track_263,127.0,0.784,0.555,-8.65,0.455,1
track_264,166.5,0.322,0.209,-13.05,0.586,0
track_265,151.5,0.67,0.257,-10.78,0.605,0
track_266,146.7,0.796,0.506,-5.41,0.573,0
track_267,147.3,0.87,0.574,-8.81,0.662,1
track_268,109.5,0.522,0.668,-10.11,0.29,0
track_269,102.3,0.834,0.427,-9.87,0.51,0
track_270,159.0,0.372,0.742,-9.03,0.183,0
track_271,159.1,0.85,0.871,-4.79,0.408,1
track_272,165.4,0.383,0.808,-3.4,0.49,0
track_273,170.5,0.558,0.231,-2.58,0.622,0
track_274,126.2,0.818,0.575,-4.77,0.86,1
track_275,125.2,0.397,0.282,-10.9,0.581,0
track_276,157.8,0.449,0.389,-6.05,0.695,0
track_277,141.5,0.769,0.97,-9.31,0.505,1
track_278,147.2,0.768,0.311,-11.69,0.607,0
track_279,157.5,0.717,0.589,-4.07,0.157,1
track_280,167.9,0.751,0.682,-14.5,0.304,1
track_281,107.2,0.653,0.748,-3.28,0.389,0
track_282,111.3,0.464,0.637,-9.0,0.478,0
track_283,80.3,0.525,0.208,-6.72,0.137,0
track_284,133.6,0.418,0.455,-6.43,0.212,0
track_285,74.0,0.89,0.604,-3.36,0.321,1
track_286,121.2,0.679,0.269,-6.72,0.877,0
track_287,129.7,0.561,0.473,-7.02,0.365,0
track_288,101.5,0.6,0.226,-14.13,0.486,0
track_289,135.0,0.916,0.261,-8.26,0.257,1
track_290,73.4,0.4,0.51,-13.05,0.589,0
track_291,74.1,0.681,0.304,-5.41,0.325,0
track_292,160.5,0.629,0.643,-8.34,0.266,0
track_293,109.6,0.697,0.738,-6.16,0.513,1
track_294,84.0,0.312,0.824,-14.46,0.104,0
track_295,127.4,0.867,0.356,-13.9,0.106,0
track_296,154.7,0.906,0.331,-5.69,0.275,0
track_297,93.7,0.667,0.282,-14.06,0.129,0
track_298,138.5,0.753,0.696,-14.07,0.186,0
track_299,79.4,0.9,0.751,-14.84,0.371,1
track_300,75.7,0.76,0.225,-2.57,0.742,1
track_301,128.4,0.399,0.93,-5.41,0.558,0
track_302,129.5,0.675,0.241,-10.41,0.51,0
track_303,140.1,0.694,0.622,-11.15,0.335,1
track_304,149.9,0.576,0.753,-10.45,0.845,0
track_305,177.3,0.779,0.879,-4.93,0.418,1
track_306,126.8,0.907,0.757,-6.4,0.17,1
track_307,105.5,0.902,0.825,-12.59,0.594,1
track_308,157.5,0.593,0.465,-12.74,0.191,0
track_309,99.8,0.374,0.836,-13.72,0.376,0
track_310,118.3,0.94,0.262,-6.42,0.506,0
track_311,78.6,0.845,0.898,-5.06,0.799,1
track_312,72.8,0.381,0.627,-11.55,0.495,0
track_313,175.9,0.899,0.837,-14.73,0.662,0
track_314,162.0,0.865,0.553,-13.93,0.894,0
track_315,146.6,0.637,0.702,-2.42,0.205,0
track_316,115.0,0.684,0.611,-11.16,0.32,0
track_317,89.1,0.559,0.771,-5.0,0.416,1
track_318,87.2,0.336,0.264,-6.88,0.437,0
track_319,97.5,0.518,0.247,-10.03,0.429,0
track_320,130.4,0.822,0.393,-12.33,0.826,0
track_321,148.6,0.303,0.324,-13.42,0.671,0
track_322,142.6,0.517,0.88,-7.0,0.586,0
track_323,100.8,0.559,0.371,-4.93,0.347,0
track_324,175.0,0.649,0.961,-6.63,0.759,1
track_325,151.2,0.898,0.463,-8.11,0.864,0
track_326,131.0,0.525,0.342,-14.45,0.757,0
track_327,137.3,0.526,0.816,-2.41,0.101,1
track_328,116.2,0.779,0.714,-4.62,0.609,1
track_329,97.3,0.594,0.589,-11.19,0.141,0
track_330,109.2,0.446,0.633,-2.26,0.306,0
track_331,153.4,0.594,0.761,-7.18,0.148,0
track_332,71.6,0.392,0.378,-7.43,0.583,0
track_333,82.8,0.415,0.977,-5.28,0.649,1
track_334,75.1,0.624,0.96,-4.45,0.192,1
track_335,74.5,0.572,0.707,-6.47,0.407,1
track_336,164.1,0.895,0.356,-13.33,0.465,0
track_337,147.4,0.536,0.731,-10.6,0.395,0
track_338,122.2,0.677,0.256,-2.93,0.197,1
track_339,80.8,0.711,0.224,-12.08,0.435,0
track_340,124.1,0.309,0.401,-10.16,0.701,0
track_341,122.1,0.731,0.561,-9.38,0.157,0
track_342,89.1,0.416,0.877,-9.29,0.164,1
track_343,117.7,0.925,0.767,-7.03,0.384,1
track_344,113.8,0.397,0.779,-2.74,0.853,1
track_345,137.7,0.57,0.532,-11.87,0.635,0
track_346,139.9,0.355,0.47,-13.42,0.643,0
track_347,75.0,0.948,0.489,-12.43,0.39,1
track_348,111.2,0.626,0.97,-3.47,0.575,1
track_349,138.8,0.687,0.231,-6.6,0.108,0
track_350,125.3,0.344,0.876,-11.28,0.609,0
track_351,164.2,0.787,0.651,-4.39,0.831,1
track_352,142.5,0.436,0.542,-3.8,0.59,0
track_353,87.9,0.884,0.766,-4.0,0.799,1
track_354,77.8,0.433,0.58,-3.05,0.679,0
track_355,140.7,0.424,0.881,-11.72,0.196,0
track_356,72.9,0.324,0.903,-5.18,0.822,0
track_357,134.4,0.607,0.529,-9.01,0.153,0
track_358,173.4,0.667,0.416,-4.05,0.527,0
track_359,133.3,0.343,0.662,-5.53,0.214,0
track_360,112.7,0.804,0.912,-4.91,0.109,1
track_361,140.8,0.595,0.364,-6.47,0.438,0
track_362,120.4,0.641,0.686,-12.69,0.336,0
track_363,130.0,0.586,0.693,-7.91,0.489,1
track_364,173.6,0.56,0.772,-2.2,0.562,0
track_365,112.5,0.664,0.303,-2.81,0.135,0
track_366,175.7,0.401,0.758,-14.44,0.198,0
track_367,169.6,0.418,0.909,-12.86,0.547,0
track_368,91.5,0.86,0.34,-13.29,0.375,0
track_369,77.6,0.915,0.385,-5.56,0.683,1
track_370,81.1,0.543,0.958,-4.37,0.622,0
track_371,72.0,0.476,0.341,-12.22,0.776,0
track_372,80.4,0.719,0.866,-8.42,0.654,1
track_373,145.1,0.566,0.584,-4.07,0.444,1
track_374,77.8,0.317,0.393,-5.47,0.638,0
track_375,105.1,0.401,0.879,-7.95,0.32,0
track_376,162.9,0.765,0.547,-7.33,0.345,0
track_377,72.6,0.728,0.602,-8.39,0.731,0
track_378,159.6,0.318,0.48,-11.13,0.457,0
track_379,101.0,0.444,0.663,-7.65,0.739,0
track_380,83.0,0.45,0.328,-6.04,0.758,0
track_381,146.6,0.737,0.505,-3.65,0.786,0
track_382,139.2,0.313,0.956,-6.73,0.833,0
track_383,166.5,0.368,0.401,-5.11,0.445,0
track_384,150.9,0.82,0.712,-12.92,0.355,0
track_385,158.4,0.416,0.454,-9.0,0.566,0
track_386,101.0,0.724,0.803,-14.88,0.397,0
track_387,89.5,0.455,0.302,-11.79,0.581,0
track_388,152.6,0.365,0.956,-5.56,0.664,1
track_389,158.8,0.458,0.554,-2.11,0.651,0
track_390,179.0,0.769,0.384,-13.71,0.4,0
track_391,115.4,0.856,0.257,-9.78,0.233,0
track_392,110.9,0.84,0.332,-4.6,0.444,1
track_393,155.4,0.558,0.605,-12.35,0.214,0
track_394,107.5,0.734,0.463,-7.78,0.812,0
track_395,172.4,0.433,0.847,-5.47,0.377,0
track_396,164.4,0.491,0.536,-6.99,0.224,0
track_397,117.2,0.883,0.394,-12.56,0.12,0
track_398,152.6,0.308,0.681,-10.38,0.617,0
track_399,153.0,0.356,0.751,-4.81,0.61,0
track_400,81.3,0.435,0.33,-7.8,0.372,0
track_401,169.3,0.317,0.331,-14.93,0.157,0
track_402,125.6,0.418,0.229,-5.11,0.428,0
track_403,160.9,0.679,0.774,-14.54,0.349,1
track_404,105.2,0.574,0.718,-5.31,0.642,0
track_405,168.5,0.88,0.57,-12.37,0.585,0
track_406,112.8,0.831,0.858,-2.55,0.392,1
track_407,71.2,0.522,0.828,-10.22,0.274,0
track_408,169.6,0.469,0.657,-10.75,0.89,0
track_409,80.0,0.547,0.877,-13.06,0.463,0
track_410,105.1,0.684,0.361,-11.03,0.651,0
track_411,174.5,0.474,0.287,-3.6,0.212,0
track_412,174.6,0.706,0.41,-2.05,0.488,1
track_413,133.1,0.566,0.245,-10.21,0.122,0
track_414,139.5,0.659,0.614,-9.17,0.504,0
track_415,119.3,0.583,0.931,-5.61,0.871,1
track_416,102.3,0.491,0.231,-3.48,0.407,0
track_417,106.2,0.916,0.295,-7.29,0.131,0
track_418,144.0,0.796,0.553,-9.91,0.125,0
track_419,152.8,0.391,0.928,-9.64,0.41,0
track_420,157.1,0.865,0.447,-5.96,0.228,1
track_421,156.9,0.617,0.596,-14.96,0.119,0
track_422,80.0,0.881,0.232,-6.95,0.705,0
track_423,124.4,0.82,0.316,-10.38,0.467,0
track_424,76.3,0.576,0.97,-4.68,0.331,1
track_425,130.4,0.315,0.953,-13.79,0.82,0
track_426,118.6,0.475,0.204,-7.35,0.193,0
track_427,167.6,0.652,0.942,-8.75,0.865,1
track_428,108.6,0.712,0.699,-6.65,0.351,0
track_429,82.9,0.468,0.877,-14.16,0.811,0
track_430,85.7,0.391,0.555,-7.46,0.582,0
track_431,153.8,0.843,0.602,-7.7,0.761,0
track_432,138.0,0.94,0.581,-7.71,0.887,1
track_433,81.1,0.642,0.72,-7.15,0.331,0
track_434,79.3,0.412,0.309,-6.21,0.869,0
track_435,147.1,0.477,0.223,-4.54,0.412,0
track_436,78.0,0.312,0.44,-11.49,0.408,0
track_437,160.4,0.894,0.75,-4.27,0.372,1
track_438,147.7,0.377,0.357,-8.52,0.533,0
track_439,78.9,0.675,0.725,-14.0,0.223,0
track_440,79.3,0.478,0.957,-14.24,0.543,0
track_441,178.5,0.66,0.273,-10.65,0.533,0
track_442,111.2,0.723,0.725,-4.8,0.71,1
track_443,110.8,0.839,0.546,-5.8,0.767,1
track_444,159.4,0.434,0.877,-4.75,0.452,0
track_445,174.2,0.307,0.338,-8.28,0.342,0
track_446,178.5,0.389,0.74,-9.28,0.307,0
track_447,152.9,0.885,0.854,-13.08,0.256,0
track_448,111.4,0.868,0.937,-10.73,0.146,1
track_449,79.2,0.688,0.733,-9.36,0.374,1
track_450,155.5,0.69,0.588,-13.85,0.316,0
track_451,131.4,0.732,0.682,-12.13,0.873,0
track_452,116.7,0.414,0.878,-7.22,0.546,1
track_453,169.7,0.894,0.645,-5.44,0.378,1
track_454,82.2,0.572,0.224,-2.02,0.564,0
track_455,124.2,0.549,0.926,-2.87,0.211,1
track_456,71.2,0.637,0.738,-6.65,0.455,1
track_457,121.6,0.331,0.728,-9.52,0.601,0
track_458,76.2,0.408,0.368,-6.73,0.491,0
track_459,83.1,0.78,0.714,-4.79,0.421,1
track_460,82.9,0.354,0.507,-13.46,0.895,0
track_461,141.4,0.692,0.708,-9.67,0.804,0
track_462,152.1,0.459,0.283,-4.08,0.599,0
track_463,134.2,0.553,0.713,-10.01,0.556,0
track_464,175.8,0.488,0.98,-7.57,0.597,1
track_465,111.2,0.531,0.238,-7.36,0.261,0
track_466,101.4,0.767,0.962,-12.6,0.416,1
track_467,165.5,0.493,0.517,-10.29,0.132,0
track_468,94.6,0.668,0.879,-10.65,0.48,1
track_469,176.0,0.609,0.81,-14.66,0.534,0
track_470,71.3,0.731,0.642,-14.69,0.282,0
track_471,176.7,0.909,0.776,-4.19,0.871,1
track_472,74.7,0.776,0.885,-11.45,0.828,1
track_473,168.0,0.44,0.515,-8.26,0.678,0
track_474,128.0,0.32,0.455,-11.12,0.527,0
track_475,179.2,0.47,0.721,-2.77,0.796,1
track_476,78.1,0.687,0.83,-11.63,0.205,0
track_477,130.9,0.333,0.795,-9.41,0.732,0
track_478,176.6,0.623,0.822,-3.65,0.2,1
track_479,127.5,0.688,0.54,-4.05,0.735,1
track_480,139.2,0.517,0.838,-12.58,0.321,0
track_481,146.5,0.801,0.294,-4.57,0.802,1
track_482,120.0,0.369,0.625,-9.04,0.855,0
track_483,139.0,0.349,0.204,-8.72,0.219,0
track_484,134.3,0.773,0.453,-13.26,0.47,0
track_485,169.1,0.622,0.486,-13.95,0.885,0
track_486,75.0,0.747,0.509,-5.54,0.487,0
track_487,100.9,0.583,0.742,-8.55,0.791,0
track_488,174.5,0.46,0.503,-9.32,0.571,0
track_489,167.9,0.832,0.55,-5.52,0.4,0
track_490,120.1,0.82,0.385,-5.05,0.329,1
track_491,138.2,0.752,0.491,-12.93,0.263,0
track_492,100.5,0.477,0.377,-7.07,0.709,0
track_493,90.7,0.684,0.257,-13.24,0.409,0
track_494,121.0,0.535,0.671,-5.23,0.509,0
track_495,108.9,0.36,0.721,-6.46,0.494,0
track_496,134.2,0.896,0.683,-2.56,0.562,1
track_497,78.6,0.389,0.562,-14.1,0.792,0
track_498,177.2,0.918,0.496,-14.26,0.885,0
track_499,178.5,0.59,0.873,-11.33,0.426,0
