ram_gb,storage_gb,camera_mp,battery_mah,price_inr
6,96,12,4000,31800.0
16,272,108,4000,77000.0
8,112,50,5500,42770.0
8,112,48,5500,43020.0
4,48,12,5500,27380.0
4,48,64,4000,29380.0
4,96,50,4000,33230.0
12,176,50,5500,59130.0
8,160,64,6000,52390.0
8,160,64,6000,50920.0
4,48,48,4500,33000.0
16,240,48,5000,72580.0
12,192,48,6000,59800.0
6,112,64,4000,37240.0
4,48,12,6000,29370.0
4,64,50,4500,28650.0
6,96,64,4500,42540.0
8,144,64,5000,50490.0
6,128,48,6000,45880.0
6,80,64,4000,38610.0
8,144,12,4000,40060.0
4,48,64,5500,33370.0
6,96,12,4000,32000.0
6,96,48,5000,40470.0
6,128,64,5000,44870.0
8,128,12,4000,39420.0
4,64,48,4000,30000.0
8,144,64,5500,53550.0
8,112,64,4000,46010.0
4,48,50,5500,29830.0
8,144,50,5500,47020.0
4,96,50,4000,35460.0
4,48,48,4500,29270.0
12,192,48,4500,58040.0
16,240,48,5500,71920.0
12,192,108,4000,59480.0
6,128,50,4500,41070.0
4,80,50,4000,32600.0
8,112,50,4000,42200.0
6,112,108,4000,47110.0
4,48,48,6000,33710.0
6,96,50,4000,37970.0
4,80,50,6000,35140.0
12,176,50,5500,58860.0
6,96,12,4500,33640.0
8,144,64,4500,47760.0
6,112,108,4500,45440.0
8,112,50,4500,41230.0
8,112,50,4500,41570.0
4,48,108,4500,38690.0
16,256,64,4500,72310.0
8,112,48,5500,42590.0
12,208,50,4000,59350.0
12,208,50,5000,61940.0
8,112,50,6000,44920.0
12,176,64,5000,56370.0
4,96,108,5000,42040.0
4,80,108,4000,41520.0
4,64,50,4000,32160.0
6,128,12,4000,34160.0
6,80,108,4500,46970.0
6,80,64,5500,42490.0
12,208,12,4500,53090.0
6,80,108,5500,45080.0
6,96,64,5500,40940.0
8,144,50,5000,46280.0
4,48,50,5000,32910.0
12,208,48,5500,61010.0
4,48,12,5500,28610.0
16,240,48,4500,70000.0
8,112,64,4500,47960.0
4,64,12,5000,26310.0
4,64,48,4000,31650.0
12,208,48,5500,57110.0
8,112,50,4500,41590.0
8,112,108,5000,51750.0
8,128,48,4500,45300.0
4,48,48,5500,31820.0
6,96,64,5500,40980.0
4,48,50,6000,32400.0
12,208,48,4000,60170.0
8,112,50,6000,45240.0
6,80,12,5000,35580.0
4,96,48,4500,35740.0
6,96,50,5000,39950.0
6,80,50,5500,36860.0
8,112,108,6000,54760.0
8,160,48,6000,48900.0
12,224,50,6000,60950.0
6,96,50,5000,40030.0
4,96,12,5500,29290.0
8,144,50,4500,45150.0
8,160,48,4500,47370.0
8,144,108,5000,57910.0
8,128,12,6000,41210.0
6,96,50,4000,37070.0
8,128,12,5000,41840.0
6,96,108,5000,44940.0
4,64,50,5500,34250.0
4,80,50,4500,35260.0
4,80,12,5000,28800.0
8,128,64,5000,49040.0
6,128,48,6000,43660.0
8,112,64,6000,46540.0
12,192,48,4000,56460.0
6,128,48,5500,41900.0
6,80,12,4000,31330.0
8,128,50,6000,47410.0
6,96,50,4500,39390.0
4,80,12,6000,31520.0
6,80,64,5500,36820.0
4,48,50,6000,32830.0
12,224,50,5500,59730.0
12,208,50,5500,60220.0
8,144,50,5500,47600.0
12,208,50,5500,62090.0
12,208,48,5500,60320.0
4,48,48,4500,30860.0
12,176,64,4000,58670.0
8,128,108,5000,55060.0
12,192,48,4000,56580.0
12,208,48,5500,60510.0
6,112,50,4500,39890.0
4,80,50,6000,34890.0
6,96,12,4500,32420.0
6,128,48,5500,39060.0
12,224,64,4500,60700.0
12,192,50,4500,55100.0
4,64,12,5500,30530.0
8,128,48,4500,44950.0
6,96,48,5000,38810.0
6,96,50,5000,38180.0
4,64,12,4500,27190.0
6,112,12,6000,35910.0
12,208,64,5500,62710.0
6,112,48,5000,40730.0
8,144,50,6000,47250.0
8,128,48,4500,43350.0
6,128,12,6000,39980.0
16,240,48,4000,68160.0
16,256,64,5000,72010.0
6,80,64,4500,38410.0
6,128,64,5500,43030.0
6,112,48,4500,39510.0
6,128,50,5500,43980.0
4,64,48,4500,31790.0
8,144,48,6000,51830.0
8,128,64,6000,49630.0
4,80,12,6000,31100.0
6,80,12,4000,30100.0
12,176,48,5500,57290.0
6,80,12,6000,33290.0
4,96,48,4000,30550.0
6,96,50,5500,41470.0
16,288,50,4500,72560.0
6,80,64,4000,37080.0
8,128,64,5000,47820.0
8,112,48,4000,43330.0
6,128,48,4000,39740.0
8,160,48,5500,48890.0
6,128,50,4500,42350.0
8,112,48,5000,43520.0
8,128,50,6000,47630.0
8,128,50,6000,44690.0
4,48,50,4000,28120.0
12,192,50,5500,60180.0
6,80,48,5500,36450.0
4,64,108,6000,42230.0
4,80,64,5000,35800.0
8,144,12,4500,40800.0
8,160,64,5000,48980.0
4,80,50,4500,34810.0
8,144,64,6000,52950.0
6,112,64,4500,42140.0
8,112,50,5500,45550.0
4,80,12,4000,26740.0
8,144,48,4000,43490.0
6,128,50,6000,43420.0
12,208,50,5500,59170.0
4,80,48,5000,31280.0
6,96,12,5500,36280.0
4,96,64,4000,37160.0
12,224,108,4000,65990.0
12,224,50,5500,62360.0
6,128,48,5500,43970.0
8,160,48,4000,46950.0
12,224,12,5000,54510.0
8,112,108,6000,53010.0
8,144,12,6000,45590.0
6,128,50,5500,43100.0
4,80,48,6000,36250.0
12,208,50,4000,58890.0
12,176,50,4000,54380.0
8,160,64,5500,50040.0
6,96,48,5500,40260.0
6,80,12,5500,34940.0
8,128,12,5000,42390.0
12,208,108,6000,67630.0
12,208,64,5500,63100.0
8,112,50,4500,45350.0
8,112,50,4500,42090.0
4,64,50,4000,33570.0
4,96,48,6000,39260.0
12,192,108,5500,70750.0
8,112,50,4500,43920.0
4,64,48,6000,34430.0
4,48,50,4000,31220.0
8,128,12,5000,41940.0
4,48,48,6000,34410.0
4,48,64,6000,35980.0
8,112,12,5000,39220.0
8,160,50,6000,51730.0
8,128,48,4000,42310.0
6,96,48,4000,37510.0
8,128,48,5000,47770.0
6,80,48,5500,36510.0
6,96,64,4500,39310.0
8,128,48,5500,47180.0
8,112,50,6000,46410.0
12,208,50,4500,57820.0
8,112,50,5000,43700.0
8,128,108,5000,51450.0
4,48,64,4500,34020.0
6,112,48,4000,38480.0
6,80,12,4500,34900.0
6,96,48,6000,40620.0
16,272,50,4000,70890.0
6,128,12,5000,36560.0
12,192,50,4500,57400.0
8,144,50,5500,47960.0
8,144,48,5500,51300.0
8,160,64,6000,51210.0
8,112,12,5500,39670.0
6,80,12,4500,32310.0
4,64,64,4500,35550.0
8,160,50,5500,47020.0
6,80,50,4500,37830.0
4,96,50,6000,35830.0
8,112,48,4000,43390.0
4,80,64,6000,36780.0
12,176,64,6000,57020.0
16,288,50,4500,73880.0
12,208,48,4000,58660.0
6,112,50,4500,39000.0
4,80,48,5000,32980.0
12,224,12,4500,53580.0
6,96,108,4500,47210.0
16,256,12,4500,66990.0
16,256,108,4000,76080.0
12,224,50,4500,59680.0
6,112,48,4000,38770.0
6,96,50,5500,43420.0
12,224,64,5000,63880.0
6,96,64,4000,38160.0
4,48,64,5500,34510.0
8,128,50,4000,42110.0
12,192,50,4000,58100.0
8,144,64,5000,51370.0
8,160,48,6000,52160.0
4,80,50,6000,36800.0
8,144,48,4000,44400.0
16,272,108,4500,77560.0
4,80,108,5500,40390.0
8,144,12,4500,37140.0
12,192,64,4500,60630.0
8,144,108,4000,52930.0
8,144,48,4000,46640.0
8,160,50,4000,49040.0
6,80,108,4000,44090.0
6,96,12,6000,36040.0
12,192,50,4000,56320.0
12,192,48,6000,59240.0
12,208,108,6000,70010.0
12,208,108,4000,65660.0
8,144,108,5000,54100.0
8,160,50,5500,49120.0
8,112,64,4500,46720.0
8,144,64,6000,49320.0
8,112,48,5500,44710.0
8,160,64,5000,50590.0
12,192,12,4500,54570.0
6,112,50,4500,39510.0
6,80,48,6000,38060.0
4,48,12,4000,24310.0
8,144,12,5000,43680.0
4,64,50,6000,37390.0
6,96,48,5000,37030.0
8,128,64,4000,44360.0
6,128,12,4000,35290.0
8,112,48,6000,45730.0
4,48,50,4000,31160.0
4,48,64,5500,32710.0
12,224,48,4500,58640.0
6,80,50,6000,39610.0
4,96,64,5000,36990.0
8,128,50,5500,47820.0
8,144,48,6000,49010.0
6,80,12,4000,32290.0
8,112,64,4000,44480.0
4,64,12,4000,29930.0
4,80,64,4000,33260.0
8,160,50,5000,49320.0
8,144,108,5500,53430.0
8,128,64,4500,45140.0
8,128,108,5000,52310.0
16,272,48,5000,74900.0
8,160,64,4500,49870.0
6,128,50,4500,40340.0
8,112,50,4000,43380.0
6,128,50,5000,42030.0
6,112,64,6000,43200.0
4,64,108,4500,37540.0
4,48,64,4500,34710.0
16,240,50,5500,71060.0
12,192,50,6000,63280.0
8,160,64,6000,53130.0
6,96,48,4500,39080.0
4,96,12,4000,28470.0
4,64,48,5500,31690.0
6,112,48,6000,41530.0
8,160,48,4500,45700.0
8,144,48,6000,49260.0
8,112,12,5500,42580.0
6,96,12,5500,34680.0
16,240,108,5000,78960.0
8,112,50,4500,42540.0
8,112,48,5500,44360.0
8,112,50,5000,43100.0
6,96,48,5000,35800.0
6,80,108,6000,46890.0
6,96,64,6000,42770.0
8,128,12,5000,42340.0
4,80,50,6000,36890.0
4,96,64,5500,39340.0
4,96,108,4000,40140.0
4,64,50,5500,34280.0
12,208,50,5000,62250.0
8,128,48,5000,45990.0
6,96,108,5500,50290.0
4,64,48,6000,37110.0
6,112,108,6000,49260.0
6,128,50,5000,40930.0
4,80,50,4500,32310.0
6,80,50,6000,37130.0
6,112,48,5500,40330.0
8,144,48,6000,50090.0
8,144,48,5500,44220.0
4,80,48,5000,32380.0
6,128,64,6000,45110.0
8,112,48,5500,43490.0
8,160,12,5000,42670.0
12,224,108,4500,67260.0
8,144,64,5500,49220.0
4,64,108,4500,38540.0
4,64,108,4500,38410.0
8,160,48,4000,48040.0
4,96,48,6000,38370.0
8,144,64,5500,47540.0
12,224,50,4500,56350.0
8,144,48,4000,46880.0
6,96,64,5000,39240.0
8,128,48,5500,46490.0
6,80,48,4500,34540.0
8,128,50,6000,49130.0
12,224,50,4000,63560.0
6,96,50,4500,38780.0
16,272,12,6000,69140.0
12,192,64,4500,59110.0
4,48,48,5500,33140.0
4,64,12,5500,29500.0
4,80,64,5500,38280.0
4,80,108,4000,39300.0
4,96,64,5500,38640.0
8,128,64,6000,48190.0
4,80,50,4500,31860.0
6,80,50,5000,37840.0
12,224,12,6000,56420.0
4,48,50,6000,34740.0
12,192,48,5500,57720.0
6,96,48,4000,38050.0
4,64,64,4500,33000.0
8,160,50,4000,47320.0
8,144,12,4500,40560.0
12,224,48,4500,58340.0
8,112,50,4000,43550.0
12,224,12,6000,57450.0
6,80,64,4500,39400.0
4,96,50,4000,33420.0
8,144,50,4500,44300.0
12,176,50,5000,58780.0
16,256,64,6000,75790.0
6,96,48,5500,38900.0
6,128,50,4500,41330.0
8,128,50,5000,47240.0
6,80,48,5500,37700.0
12,192,64,5500,60640.0
12,208,64,4500,61320.0
6,112,50,4000,38430.0
8,160,64,4500,50760.0
8,112,64,5000,45890.0
4,80,64,5500,35590.0
12,208,64,4500,61860.0
8,112,50,4000,41110.0
12,192,50,4500,60790.0
6,96,50,6000,43130.0
12,224,64,4000,62330.0
6,96,48,5000,39640.0
4,48,64,5500,34620.0
12,208,64,4500,60220.0
4,64,12,4000,26850.0
6,128,64,6000,43920.0
16,256,12,4000,65680.0
16,240,48,6000,72540.0
8,160,64,5000,49650.0
8,128,48,5500,45280.0
6,128,64,5000,41980.0
6,80,64,4500,41160.0
6,112,50,4000,38350.0
8,112,12,6000,40580.0
8,112,48,6000,46010.0
8,112,50,4000,43240.0
8,112,108,4000,51480.0
4,80,50,4500,32880.0
6,112,48,5000,38650.0
4,96,50,6000,35090.0
8,128,50,4500,44060.0
6,112,64,5000,41010.0
12,208,12,4500,53730.0
6,96,64,6000,44540.0
4,80,50,4000,32130.0
4,48,108,4000,36950.0
8,112,48,5000,44040.0
8,128,50,5500,45820.0
4,96,108,5000,43000.0
4,96,12,5500,32180.0
8,128,108,4500,53800.0
4,64,50,4500,33590.0
12,176,12,6000,56810.0
8,160,48,5500,49740.0
4,80,64,6000,40870.0
4,48,12,4000,23880.0
16,256,50,5500,75250.0
6,128,48,5000,41150.0
6,112,50,4000,38700.0
12,208,12,4000,53260.0
12,176,64,5000,58650.0
16,288,108,4000,80250.0
8,160,108,5500,55820.0
6,96,64,6000,43820.0
4,96,12,4000,28290.0
8,160,64,5500,51950.0
8,112,12,4500,40920.0
6,128,12,5500,37250.0
12,208,48,6000,62310.0
4,48,50,5500,33070.0
6,80,64,5000,43100.0
4,64,50,6000,33580.0
6,128,50,4500,42420.0
4,64,48,5000,30140.0
4,80,108,5500,41750.0
4,48,50,6000,33510.0
8,112,50,4500,45660.0
8,112,48,5000,42220.0
8,144,64,4500,49290.0
16,272,50,5500,73380.0
6,96,48,4500,35970.0
6,96,12,4000,33090.0
12,192,50,5000,61080.0
6,128,50,4500,39550.0
16,240,48,5500,70330.0
4,48,108,5500,38290.0
16,256,48,4500,69650.0
4,48,50,5500,34380.0
12,192,108,6000,67150.0
8,160,50,6000,52000.0
16,288,50,6000,77240.0
4,80,48,4000,31900.0
8,160,48,4500,46640.0
16,256,108,4000,76060.0
8,160,50,5500,47750.0
8,144,64,4000,47890.0
8,112,48,5500,44780.0
6,96,48,5500,38810.0
8,112,12,5000,37060.0
8,144,50,6000,48700.0
12,208,48,5500,59670.0
4,80,64,5000,35730.0
6,80,50,6000,39860.0
16,240,108,5500,74540.0
12,176,48,5500,55350.0
6,80,64,4000,41660.0
8,144,64,4000,46600.0
6,112,64,6000,40160.0
4,64,64,5500,33240.0
6,96,64,4500,44060.0
6,80,50,4000,35350.0
8,160,12,6000,46700.0
4,96,12,5500,31550.0
16,272,108,5500,80280.0
16,272,50,4500,73130.0
